entity_id,portal_organization_id
9892538d856a8130d6b6ef44,registry-a12fae0e-6134-4cea-b8f1-8caa852c067a
78346e1dd33e1938401f3498,org-techstars
e5898f02ff8f3c7cef4f3708,registry-0c6e72c7-af48-4165-8f13-b30f6ed964c1
26c144fefc930971f68219bc,registry-4575e54d-b216-499d-939e-e5ad3896b49a
ff3a569b20a9a6e3acad5659,registry-73d0045d-9b28-4bfb-afa0-59b34bd3b75b
459ce8669b4607aa9b1f74c8,registry-43f5a475-b836-470b-a1f4-e95a614bdb24
bd3de56071621915839d1d45,registry-2e69c618-dd55-4caf-a480-d8af32b9a19b
f808410204c50c81604f288f,registry-efffac4b-aa1a-4cfe-9ff9-3b8c2813f55f
88c0179afa09e34b0ea2f2b8,registry-146ddf4c-1f1b-4c36-8b6c-5e58f76f4e72
205273265843762744c03f51,registry-60b11e16-1c3f-4673-891d-c907a8870a3b
04873c1367926bedd1ac6709,registry-a8e43af8-4e49-43b4-9bed-b2ef807aabbc
f66f4330db9acebb48d1f248,registry-29fe704d-bfac-4b32-81a6-840333e3a018
192ca57908cbd96c729f8ed3,registry-a24899fd-5ae0-4903-a462-cbeeb5131b98
9e4ffa6b36a78aeb9a3ca5a7,registry-b2c40893-b4bf-4e3e-b53b-9724a193f568
32a7451276d1e26606ee9af9,registry-59f48b94-934c-44b6-9937-bfa0464e9e1a
661d4efc6464794c712d3e3a,registry-98d4c27c-187d-4a53-a584-a7e0c41e2d78
5091e4429080d78cd2ae9e3d,registry-b86f3acd-d9b3-4b41-ae66-bb9ee83f2479
f808a33c08ca334e31b38d48,registry-aec45e4d-574d-4256-9c69-39d27e7281e9
0ad2b22f841dc176288fc66f,registry-c7cc56d2-7258-4ebf-9b8b-65f0e3e8ef95
b3d64f9a61e97aac3981f0bb,registry-15b90573-63a1-4620-9bb7-38c38d74f9a8
c6ef6a9e5a3a2f4ccc27e158,org-biobuild
5194528e2c55e95bcc0ad30a,registry-7d7de11e-c3d3-4e81-aeb9-fda0eb99aaee
3d84298ae2f0109bce5a69c5,registry-2e524963-3405-43a4-aeef-e34fa8cee0e5
be6105ab2ada2b689f709d73,registry-e2f10d51-b040-48eb-be23-bf39d7a061dc
d6b6167b82e7ac9a2d028721,registry-bc7c70ec-cc13-4670-8cb7-0e854fe8b9a5
d07c0d4520358ea262f4a524,registry-0dded268-4c9b-4dce-a9b9-23d6da0ab16a
b3a8a2568587b49ade1e8e7e,registry-78239976-2666-4bbe-84e0-7dd1e661b564
06bf336b319ec89c34aeb3b4,registry-4c6394b1-ae9f-425e-bad4-192176424ff1
8805857793fc205a71f055b6,registry-70047638-a096-47a9-9644-c016d4831eee
b321defdde4579442d2dee7c,registry-68b657a7-8c19-498f-aa17-c6aed02d8543
8eb384b8ad4fe8b6f4448bde,registry-4ebd6376-8b6b-49df-a2b5-743e91da55a3
682e91b047ef2cc0be3868a4,c503ced0-fb35-4b58-bec8-08297e0f12a1
b7d6dd7deb3f6dec2f462fe4,registry-938194ab-0e83-4a9e-92da-34c75599128c
197de1aa3f8e5e5fd0b80cb5,registry-8a68c189-ed15-4317-84fc-c6bcd5480289
5b4071e4ca039ddf2e87d7c6,registry-a9b5a19c-827f-4cbd-ac3f-18d14792dd5d
6cda6ae769b66973a031a5c9,registry-302a844c-96f1-449f-93a2-7c510f1c4547
f6eeec85c8735768752f8727,registry-65681cce-0b4b-4be7-8ae1-ba94ba4e3a87
bbb531f20642ef3b5b292462,registry-ea6f8f4d-fb3b-4ba0-a79b-bf1b06118cba
a6923bc5ee3ebb5a2a22ac8a,registry-779da06f-f3ab-4c73-9388-0a652b80c803
c806cd9c716cfbfdb4763c71,registry-155b1865-8ea5-4d57-8f54-5c710a570723
fb24efd936e62b22c9904474,registry-75e81db7-795a-4874-8b39-99429b36def8
ec5cc8dc2c808c48992e0413,registry-76b95dab-0718-49d9-b989-19d24df0caf7
79cdfb26dd382469e6f54959,registry-d3e9e310-f9bd-49de-b798-1df30569b2a3
5f5a8ed8f139be6df7cf8f4a,registry-3ce2d5e3-ac2e-4a3d-bb21-dbf0bac5675c
a7de8b70e24494c232745277,registry-34e7a5f0-c9db-4e5e-a6c0-3ecb5931608c
18ad930bb4fb0c2dcf219238,registry-83d67d1d-a81f-4ad6-8e9b-8ffe6152f968
85dd03b724084b02481ca6ca,registry-a3cec895-ec6d-4cad-a2db-2cb174fcb5d2
1dbf9c5bdd2888c2b508f7d7,registry-4c8d3829-48fe-420c-9646-50bd93fe84f7
1638557923e62643c13fb605,registry-0155d318-a2af-44c8-baef-cbd34af7f0cc
6cd95d41b32e6d31e680c791,registry-db0e6767-ec4d-4803-89f8-bab9c3aec19a
a3e6366fd1c4ea4462d21882,registry-4c1d4101-2a03-44ff-9e2a-fec2a1cf1e1a
64d4053ae7805a2a4b279f56,registry-b8bbca4a-be2f-4a72-b4b8-b93b914fdea3
41b589ea15f2d94a20fbdde8,registry-f88c32d2-6f1b-4bac-b9f3-f2286860fd4d
6975439291bd6158064dc6f5,registry-03050565-1b86-47f7-a09f-22de3ac5954d
54522fca9f7df5a91b67277e,registry-4418f0f8-46aa-4a4d-9af7-37e6b4985149
94e1d52dff899bb7f904d955,registry-4273992f-1e40-42e0-96a4-1a3215522dbe
dd552d7fad6d621d88254f35,registry-1b7b3a6d-0211-4892-aca1-501d3677a6cf
bcbb6efbe609525e0e2cbc0b,registry-39b75d90-d018-40e8-891d-5f342559c127
14fe859e9728f35856344ffb,registry-eb5c1774-b82d-47a1-8eaa-2ef86e44a5c8
4eb94015cce2f56f62eea780,registry-0266582b-1bbe-4712-9e72-4e9d12cb23ff
e33e60b54595f7249515aae0,registry-75fe1699-3bcc-4f2c-ad70-036e503eb5ed
7a131c0ba9904a3344b603c7,registry-53d7cb63-ad80-4231-806e-11824d949cf8
ffe0691240548742138a37cf,registry-a72f696e-4006-4c5f-8247-c22a4b0686f3
685137c66e65c43d464443e9,registry-799cf29d-f777-4409-8caf-038ffaae9b17
f1b06e2a50bbbe4ca26f3b77,registry-63aa952a-e0aa-4051-a514-5f8a1530fe21
be2a06e91993a013fee8a1a8,registry-1cb5a821-8354-4563-b6ae-009fe4ef351f
82f7f4ccd1036c5741124b8e,registry-31e4566c-da81-4252-90fd-9936a5ae1a39
85e631bb45087c1ddc04a346,registry-287c44d7-1bdc-4853-a0c5-761adaac8ffd
e7d40b8d763744298586136b,registry-f7fd45f9-51f5-4891-9f1a-b8fb9a11e4a3
4628c8874ee9d375027bf768,registry-05cb479d-f787-4aa9-93c9-84543774fd70
b3ea5cffc9c2381535f2cb3c,registry-c308dedc-5d0d-47b1-b6c8-55c5912650da
133b34afd12b287f4f575786,registry-b5560a67-bd00-431e-b0dd-2c7055d57a5b
fb201213d992d387381b0671,registry-c8171dfa-8803-440c-9f0c-e2f7d37f62e3
