recipient_entity_id,supporter_entity_id,relationship_kind,program,cohort,source_id,status
9892538d856a8130d6b6ef44,78346e1dd33e1938401f3498,acceleration,Techstars AI Health Baltimore,2025 spring,techstars_spring,evidence_found_needs_portal_preview
e5898f02ff8f3c7cef4f3708,78346e1dd33e1938401f3498,acceleration,Techstars AI Health Baltimore,2025 spring,techstars_spring,evidence_found_needs_portal_preview
26c144fefc930971f68219bc,78346e1dd33e1938401f3498,acceleration,Techstars AI Health Baltimore,2025 spring,techstars_spring,evidence_found_needs_portal_preview
ff3a569b20a9a6e3acad5659,78346e1dd33e1938401f3498,acceleration,Techstars AI Health Baltimore,2025 spring,techstars_spring,evidence_found_needs_portal_preview
459ce8669b4607aa9b1f74c8,78346e1dd33e1938401f3498,acceleration,Techstars AI Health Baltimore,2025 spring,techstars_spring,evidence_found_needs_portal_preview
bd3de56071621915839d1d45,78346e1dd33e1938401f3498,acceleration,Techstars AI Health Baltimore,2025 spring,techstars_spring,evidence_found_needs_portal_preview
f808410204c50c81604f288f,78346e1dd33e1938401f3498,acceleration,Techstars AI Health Baltimore,2025 spring,techstars_spring,evidence_found_needs_portal_preview
88c0179afa09e34b0ea2f2b8,78346e1dd33e1938401f3498,acceleration,Techstars AI Health Baltimore,2025 spring,techstars_spring,evidence_found_needs_portal_preview
205273265843762744c03f51,78346e1dd33e1938401f3498,acceleration,Techstars AI Health Baltimore,2025 fall,techstars_fall,evidence_found_needs_portal_preview
04873c1367926bedd1ac6709,78346e1dd33e1938401f3498,acceleration,Techstars AI Health Baltimore,2025 fall,techstars_fall,evidence_found_needs_portal_preview
f66f4330db9acebb48d1f248,78346e1dd33e1938401f3498,acceleration,Techstars AI Health Baltimore,2025 fall,techstars_fall,evidence_found_needs_portal_preview
192ca57908cbd96c729f8ed3,78346e1dd33e1938401f3498,acceleration,Techstars AI Health Baltimore,2025 fall,techstars_fall,evidence_found_needs_portal_preview
9e4ffa6b36a78aeb9a3ca5a7,78346e1dd33e1938401f3498,acceleration,Techstars AI Health Baltimore,2025 fall,techstars_fall,evidence_found_needs_portal_preview
32a7451276d1e26606ee9af9,78346e1dd33e1938401f3498,acceleration,Techstars AI Health Baltimore,2025 fall,techstars_fall,evidence_found_needs_portal_preview
661d4efc6464794c712d3e3a,78346e1dd33e1938401f3498,acceleration,Techstars AI Health Baltimore,2025 fall,techstars_fall,evidence_found_needs_portal_preview
5091e4429080d78cd2ae9e3d,78346e1dd33e1938401f3498,acceleration,Techstars AI Health Baltimore,2025 fall,techstars_fall,evidence_found_needs_portal_preview
f808a33c08ca334e31b38d48,78346e1dd33e1938401f3498,acceleration,Techstars AI Health Baltimore,2025 fall,techstars_fall,evidence_found_needs_portal_preview
0ad2b22f841dc176288fc66f,b3d64f9a61e97aac3981f0bb,acceleration,Baltipreneurs,2026,loyola,evidence_found_needs_portal_preview
c6ef6a9e5a3a2f4ccc27e158,b3d64f9a61e97aac3981f0bb,acceleration,Baltipreneurs,2026,loyola,evidence_found_needs_portal_preview
5194528e2c55e95bcc0ad30a,b3d64f9a61e97aac3981f0bb,acceleration,Baltipreneurs,2026,loyola,evidence_found_needs_portal_preview
3d84298ae2f0109bce5a69c5,b3d64f9a61e97aac3981f0bb,acceleration,Baltipreneurs,2026,loyola,evidence_found_needs_portal_preview
be6105ab2ada2b689f709d73,b3d64f9a61e97aac3981f0bb,acceleration,Baltipreneurs,2026,loyola,evidence_found_needs_portal_preview
d6b6167b82e7ac9a2d028721,b3d64f9a61e97aac3981f0bb,acceleration,Baltipreneurs,2026,loyola,evidence_found_needs_portal_preview
d07c0d4520358ea262f4a524,b3d64f9a61e97aac3981f0bb,acceleration,Baltipreneurs,2026,loyola,evidence_found_needs_portal_preview
b3a8a2568587b49ade1e8e7e,b3d64f9a61e97aac3981f0bb,acceleration,Baltipreneurs,2026,loyola,evidence_found_needs_portal_preview
06bf336b319ec89c34aeb3b4,b3d64f9a61e97aac3981f0bb,acceleration,Baltipreneurs,2026,loyola,evidence_found_needs_portal_preview
8805857793fc205a71f055b6,b3d64f9a61e97aac3981f0bb,acceleration,Baltipreneurs,2026,loyola,evidence_found_needs_portal_preview
b321defdde4579442d2dee7c,b3d64f9a61e97aac3981f0bb,acceleration,Baltipreneurs,2026,loyola,evidence_found_needs_portal_preview
8eb384b8ad4fe8b6f4448bde,682e91b047ef2cc0be3868a4,acceleration,Cyber Howard,II,cyber,evidence_found_needs_portal_preview
b7d6dd7deb3f6dec2f462fe4,682e91b047ef2cc0be3868a4,acceleration,Cyber Howard,II,cyber,evidence_found_needs_portal_preview
197de1aa3f8e5e5fd0b80cb5,682e91b047ef2cc0be3868a4,acceleration,Cyber Howard,II,cyber,evidence_found_needs_portal_preview
5b4071e4ca039ddf2e87d7c6,682e91b047ef2cc0be3868a4,acceleration,Cyber Howard,II,cyber,evidence_found_needs_portal_preview
6cda6ae769b66973a031a5c9,682e91b047ef2cc0be3868a4,acceleration,Cyber Howard,II,cyber,evidence_found_needs_portal_preview
f6eeec85c8735768752f8727,682e91b047ef2cc0be3868a4,acceleration,Cyber Howard,II,cyber,evidence_found_needs_portal_preview
bbb531f20642ef3b5b292462,682e91b047ef2cc0be3868a4,acceleration,Cyber Howard,II,cyber,evidence_found_needs_portal_preview
a6923bc5ee3ebb5a2a22ac8a,682e91b047ef2cc0be3868a4,acceleration,Cyber Howard,III,cyber,evidence_found_needs_portal_preview
c806cd9c716cfbfdb4763c71,682e91b047ef2cc0be3868a4,acceleration,Cyber Howard,III,cyber,evidence_found_needs_portal_preview
fb24efd936e62b22c9904474,682e91b047ef2cc0be3868a4,acceleration,Cyber Howard,III,cyber,evidence_found_needs_portal_preview
ec5cc8dc2c808c48992e0413,682e91b047ef2cc0be3868a4,acceleration,Cyber Howard,III,cyber,evidence_found_needs_portal_preview
79cdfb26dd382469e6f54959,682e91b047ef2cc0be3868a4,acceleration,Cyber Howard,III,cyber,evidence_found_needs_portal_preview
5f5a8ed8f139be6df7cf8f4a,682e91b047ef2cc0be3868a4,acceleration,Cyber Howard,III,cyber,evidence_found_needs_portal_preview
a7de8b70e24494c232745277,682e91b047ef2cc0be3868a4,acceleration,Cyber Howard,III,cyber,evidence_found_needs_portal_preview
18ad930bb4fb0c2dcf219238,85dd03b724084b02481ca6ca,acceleration,UBalt AI-Enabled Business Accelerator,2026 inaugural,ubalt_ai,evidence_found_needs_portal_preview
1dbf9c5bdd2888c2b508f7d7,85dd03b724084b02481ca6ca,acceleration,UBalt AI-Enabled Business Accelerator,2026 inaugural,ubalt_ai,evidence_found_needs_portal_preview
1638557923e62643c13fb605,85dd03b724084b02481ca6ca,acceleration,UBalt AI-Enabled Business Accelerator,2026 inaugural,ubalt_ai,evidence_found_needs_portal_preview
6cd95d41b32e6d31e680c791,85dd03b724084b02481ca6ca,acceleration,UBalt AI-Enabled Business Accelerator,2026 inaugural,ubalt_ai,evidence_found_needs_portal_preview
a3e6366fd1c4ea4462d21882,85dd03b724084b02481ca6ca,acceleration,UBalt AI-Enabled Business Accelerator,2026 inaugural,ubalt_ai,evidence_found_needs_portal_preview
64d4053ae7805a2a4b279f56,85dd03b724084b02481ca6ca,acceleration,UBalt AI-Enabled Business Accelerator,2026 inaugural,ubalt_ai,evidence_found_needs_portal_preview
41b589ea15f2d94a20fbdde8,85dd03b724084b02481ca6ca,acceleration,UBalt AI-Enabled Business Accelerator,2026 inaugural,ubalt_ai,evidence_found_needs_portal_preview
6975439291bd6158064dc6f5,85dd03b724084b02481ca6ca,acceleration,UBalt AI-Enabled Business Accelerator,2026 inaugural,ubalt_ai,evidence_found_needs_portal_preview
54522fca9f7df5a91b67277e,94e1d52dff899bb7f904d955,program_participation,Maryland NEW VENTURE,6,newventure,evidence_found_needs_portal_preview
dd552d7fad6d621d88254f35,94e1d52dff899bb7f904d955,program_participation,Maryland NEW VENTURE,6,newventure,evidence_found_needs_portal_preview
bcbb6efbe609525e0e2cbc0b,94e1d52dff899bb7f904d955,program_participation,Maryland NEW VENTURE,6,newventure,evidence_found_needs_portal_preview
14fe859e9728f35856344ffb,94e1d52dff899bb7f904d955,program_participation,Maryland NEW VENTURE,6,newventure,evidence_found_needs_portal_preview
4eb94015cce2f56f62eea780,94e1d52dff899bb7f904d955,program_participation,Maryland NEW VENTURE,6,newventure,evidence_found_needs_portal_preview
a7de8b70e24494c232745277,94e1d52dff899bb7f904d955,program_participation,Maryland NEW VENTURE,6,newventure,evidence_found_needs_portal_preview
