entity_id,name,entity_kind,portal_org_id,identity_status
9892538d856a8130d6b6ef44,AidRx,venture,,needs_identity_match
78346e1dd33e1938401f3498,Techstars,supporting_organization,,needs_identity_match
e5898f02ff8f3c7cef4f3708,Behaivior,venture,,needs_identity_match
26c144fefc930971f68219bc,Compose Health,venture,,needs_identity_match
ff3a569b20a9a6e3acad5659,Embryoxite,venture,,needs_identity_match
459ce8669b4607aa9b1f74c8,Galen Health,venture,,needs_identity_match
bd3de56071621915839d1d45,Opal,venture,,needs_identity_match
f808410204c50c81604f288f,Sloop,venture,,needs_identity_match
88c0179afa09e34b0ea2f2b8,Valio,venture,,needs_identity_match
205273265843762744c03f51,Altrix,venture,,needs_identity_match
04873c1367926bedd1ac6709,Birth Model,venture,,needs_identity_match
f66f4330db9acebb48d1f248,BlueStamp Health,venture,,needs_identity_match
192ca57908cbd96c729f8ed3,CodaHx,venture,,needs_identity_match
9e4ffa6b36a78aeb9a3ca5a7,Halsted AI,venture,,needs_identity_match
32a7451276d1e26606ee9af9,Hoopcare,venture,,needs_identity_match
661d4efc6464794c712d3e3a,Pense Health,venture,,needs_identity_match
5091e4429080d78cd2ae9e3d,PromptWrx,venture,,needs_identity_match
f808a33c08ca334e31b38d48,TechNovaTime,venture,,needs_identity_match
0ad2b22f841dc176288fc66f,ACC Industries,venture,,needs_identity_match
b3d64f9a61e97aac3981f0bb,Loyola University Maryland,supporting_organization,,needs_identity_match
c6ef6a9e5a3a2f4ccc27e158,BioBuild,venture,,needs_identity_match
5194528e2c55e95bcc0ad30a,Cajou Creamery,venture,,needs_identity_match
3d84298ae2f0109bce5a69c5,Coach G Academy,venture,,needs_identity_match
be6105ab2ada2b689f709d73,Dr. Heather Lamb Consulting,venture,,needs_identity_match
d6b6167b82e7ac9a2d028721,Kinnected Care,venture,,needs_identity_match
d07c0d4520358ea262f4a524,Our House Baltimore,venture,,needs_identity_match
b3a8a2568587b49ade1e8e7e,Rhodex,venture,,needs_identity_match
06bf336b319ec89c34aeb3b4,Rooted Rotisserie,venture,,needs_identity_match
8805857793fc205a71f055b6,Smooth Contracting LLC,venture,,needs_identity_match
b321defdde4579442d2dee7c,Wight Tea Co.,venture,,needs_identity_match
8eb384b8ad4fe8b6f4448bde,"Bolt Technologies, LLC",venture,,needs_identity_match
682e91b047ef2cc0be3868a4,Howard County Economic Development Authority,supporting_organization,,needs_identity_match
b7d6dd7deb3f6dec2f462fe4,Insight Cyber Solutions LLC,venture,,needs_identity_match
197de1aa3f8e5e5fd0b80cb5,Mimir Security Inc.,venture,,needs_identity_match
5b4071e4ca039ddf2e87d7c6,"MKJHA Consulting, Inc.",venture,,needs_identity_match
6cda6ae769b66973a031a5c9,"Omegus Prime, LLC",venture,,needs_identity_match
f6eeec85c8735768752f8727,TandT LLC,venture,,needs_identity_match
bbb531f20642ef3b5b292462,ThreatShareAI,venture,,needs_identity_match
a6923bc5ee3ebb5a2a22ac8a,Artemion,venture,,needs_identity_match
c806cd9c716cfbfdb4763c71,Cipher,venture,,needs_identity_match
fb24efd936e62b22c9904474,CyborgUSA,venture,,needs_identity_match
ec5cc8dc2c808c48992e0413,Nunsys,venture,,needs_identity_match
79cdfb26dd382469e6f54959,Phanium,venture,,needs_identity_match
5f5a8ed8f139be6df7cf8f4a,River,venture,,needs_identity_match
a7de8b70e24494c232745277,VigilVector,venture,,needs_identity_match
18ad930bb4fb0c2dcf219238,HealthLink360,venture,,needs_identity_match
85dd03b724084b02481ca6ca,University of Baltimore,supporting_organization,,needs_identity_match
1dbf9c5bdd2888c2b508f7d7,SphereHub,venture,,needs_identity_match
1638557923e62643c13fb605,Alektra Inc.,venture,,needs_identity_match
6cd95d41b32e6d31e680c791,NextGenEdu,venture,,needs_identity_match
a3e6366fd1c4ea4462d21882,Brick Rose Exchange,venture,,needs_identity_match
64d4053ae7805a2a4b279f56,Stacks Data,venture,,needs_identity_match
41b589ea15f2d94a20fbdde8,Pulse,venture,,needs_identity_match
6975439291bd6158064dc6f5,Sommos,venture,,needs_identity_match
54522fca9f7df5a91b67277e,"Esurgi, Inc.",venture,,needs_identity_match
94e1d52dff899bb7f904d955,bwtech@UMBC,supporting_organization,,needs_identity_match
dd552d7fad6d621d88254f35,PocketCardio,venture,,needs_identity_match
bcbb6efbe609525e0e2cbc0b,Think Happy. Live Happy.,venture,,needs_identity_match
14fe859e9728f35856344ffb,iBraid,venture,,needs_identity_match
4eb94015cce2f56f62eea780,MicDots Global,venture,,needs_identity_match
e33e60b54595f7249515aae0,RepTrack Pro,venture,,needs_identity_match
7a131c0ba9904a3344b603c7,Quick Dx,venture,,needs_identity_match
ffe0691240548742138a37cf,C3D Works,venture,,needs_identity_match
685137c66e65c43d464443e9,Shamsa,venture,,needs_identity_match
f1b06e2a50bbbe4ca26f3b77,Lay Your Bricks,venture,,needs_identity_match
be2a06e91993a013fee8a1a8,Zen-Air,venture,,needs_identity_match
82f7f4ccd1036c5741124b8e,A-Eye Vision,venture,,needs_identity_match
85e631bb45087c1ddc04a346,Totem Jou Publishing,venture,,needs_identity_match
e7d40b8d763744298586136b,Pharmynx,venture,,needs_identity_match
4628c8874ee9d375027bf768,Keepin’ Up with the Jones’ Hair Care,venture,,needs_identity_match
b3ea5cffc9c2381535f2cb3c,K’Raw Juice,venture,,needs_identity_match
133b34afd12b287f4f575786,Steady Hands,venture,,needs_identity_match
fb201213d992d387381b0671,BLUE DREAM,venture,,needs_identity_match
126cf27e9cc771f187ce6b0c,TEDCO,supporting_organization,,needs_identity_match
078946f817adfe58c51a3bfd,PNC Bank,supporting_organization,,needs_identity_match
65e65cbfa2a876e963e19f98,Gordon Feinblatt LLC,supporting_organization,,needs_identity_match
90dc6c7699d5ab754d9fd546,Command 31,supporting_organization,,needs_identity_match
