event_id,title,status
1e8dbe72-cd04-40eb-92f3-22361abba734,Techstars AI Health Baltimore Demo Day,search_queue_prepared
57f6bf4c-ecf6-4919-88af-2adeafd62ad4,"Startup Social: Novella Center for Entrepreneurship Founder Showcase, Angel Investing Panel, Immersive Experience",search_queue_prepared
2ee6b8af-8cae-44f2-83a7-0df1131ab72f,Market Pulse: Cyber Howard Challenge Pitch,search_queue_prepared
cf8cf72c-1d29-45e2-9b01-621358207453,Pitch & Mingle Series: The Great Pumpkin Pitch,search_queue_prepared
7d4138d6-e2ea-4c9c-8a26-da0eecc94608,[VIRTUAL] Information Session: CoMotion Labs Climate Tech Incubator,search_queue_prepared
0f0d0ffd-f3af-4594-80db-d3d2dc652a02,Business Plan & Growth Readiness Incubator Pitch Competition & Graduation,search_queue_prepared
d0f82cd2-7a00-4b5b-be1f-f0831ad5ccf5,Pitch Labs for Entrepreneurs - Fairfax (FDEC),search_queue_prepared
5fff0c3c-7858-4361-a04e-a8542567fc80,Women in AI: Pitch Competition,search_queue_prepared
6fe53eac-b368-4787-9d10-cf3749a7c002,Cyber Howard Accelerator- Application Closes,search_queue_prepared
10341b85-0ba3-4f4c-8492-d67d27de1501,MTC CRC August ChesaPitch,search_queue_prepared
9b5b0297-891e-456f-8062-9d5618a87e53,Cb: Tech & Innovation Internship Demo Day,search_queue_prepared
4b426cdf-20e5-478a-bf97-97ee4f77c898,Women In AI Pitch Competition,search_queue_prepared
e0b91254-38b1-4f7f-a4db-7e2efd15814c,2026 Summer Launch Incubator (SLI) Virtual Showcase,search_queue_prepared
38b83552-6e46-4956-8ed1-dcac54690c1e,2026 Summer Launch Incubator (SLI) Virtual Showcase,search_queue_prepared
3b16ed4e-16b8-42f6-9212-31435c1afbe2,Cyber Howard Accelerator Cohort III Graduation and Demo Day,primary_evidence_found_partial
dd40b422-6963-43a6-9968-432772fbf177,Baltimore Bitcoin & BlockchAIn Bootcamp!,search_queue_prepared
a9ea5d86-87e1-40c3-a02b-51fca6a0d923,Pitch Labs for Entrepreneurs - Shirlington Library,search_queue_prepared
363a44a9-e20c-4338-9c15-3b1a54b74f46,"Pitch Tips Meetup with DC DAO, Stand With Crypto and Virginia Blockchain Council",search_queue_prepared
4dc98c38-df9a-45b2-aeef-abddd4f00809,Civic Builders: Pitch & Demo Night,search_queue_prepared
4f4e8192-988a-457b-bd59-1c83d0d34c2b,Unicorn Pitches - GSD Demo Day,search_queue_prepared
1c4a308b-9dd6-40f8-99cb-bbb5c2eef7b4,"GPU, CUDA, and PyTorch Performance Optimizations",search_queue_prepared
4ddcd56b-76a1-4ebd-9d7e-6b8c0595b816,Future Founders: University Innovators Pitch Competition Application Deadline,search_queue_prepared
7703a2a2-3cd7-4779-a3eb-7537c66b2ca4,Start Up Zone Connect and Pitch,search_queue_prepared
dce0933a-23ee-453b-becf-e79cd85f3f14,Build with AI: Week 4 – Demo Day & The Impact Pitch 🌊,search_queue_prepared
5757150f-3a80-47ee-8dee-a97efed1588a,CHESAPITCH 2026 - Get a Front-Row Seat to our Shark Tank!,search_queue_prepared
fc3494cf-6d4e-4284-9ab0-bf8283930255,MTC CRC May ChesaPitch,search_queue_prepared
cc0b8639-dc11-4216-bd71-99b5fec6fba2,MTC CRC May ChesaPitch,search_queue_prepared
d995fd63-a7a4-45ca-a5e2-d99bcf5478fe,CHESAPITCH 2026 - Get a Front-Row Seat to our Shark Tank! - May26,search_queue_prepared
00f494e5-a7b7-4fb3-bf48-91652172bf4b,MTC CRC May ChesaPitch,search_queue_prepared
11e1135b-81a6-4765-a5aa-a04e92ae9251,Pitch Labs for Entrepreneurs - Fairfax (FDEC),search_queue_prepared
26c3cc1f-e2af-41b7-8875-355069c9b50b,Foundervine Accelerator USA Launch Event,search_queue_prepared
de0f870a-7497-4130-ab7d-b94dbead6db8,Beyond the Pitch (FITCI Entrepreneur Essentials),search_queue_prepared
5ba6a15d-6b99-4892-b3b2-1723b72f43b7,Market Pulse Pitch - MedTech,search_queue_prepared
5d4234f8-ddc3-441a-bb9b-b7c2dfb90a68,MedTech Market Pulse Pitch,search_queue_prepared
e65a7836-1b68-48d2-9e33-b1fa497a0c25,Maryland NEW VENTURE Pitch Night 2026!,primary_evidence_found_partial
64bc7ac1-2a7c-4fa2-a687-1401379a1074,bwtech's Maryland NEW VENTURE Pitch Night,primary_evidence_found_partial
1ec8d376-7cbe-4d32-8c2a-bd2a0222c807,Art of the Pitch (The Foundry × The Palava Hut),search_queue_prepared
747ee3f6-19b2-4519-a967-7a1549717303,Spark’s Startup Social,search_queue_prepared
9007c656-ae6c-4794-8fe1-ff3b10fadf08,UBalt’s 14th Annual 'Rise to the Challenge' 2026 Business Pitch Competition,primary_evidence_found_partial
4e5a0188-ba8d-45cd-90da-b09614665555,bwtech’s Startup Showcase (Virtual),search_queue_prepared
d03723d1-b4ef-4146-a555-b381bdba00e3,STARTUP Accelerator Showcase 2026!,search_queue_prepared
3946acae-8faa-44d1-b19c-bdf804480c8d,Climatetech Pitch Party,search_queue_prepared
73866343-fb72-4bec-ac81-69f120c4e878,HoCo Higher: CEO Accelerator,search_queue_prepared
04f733c0-07e7-45a1-9f37-1c127c377ddd,Bridging Innovation Week: Competition Day,search_queue_prepared
c3dc72a0-f684-46c8-91fe-c73864a8c349,Greater Baltimore Urban League 2026 Business Summit & Pitch Competition,search_queue_prepared
e4294499-1ecd-4aae-86e9-bdf946408c8a,Takia Ross: So You Want to Pitch,search_queue_prepared
71e5adc4-6666-4045-ac23-2444d3d0bd23,Takia Ross: So You Want to Pitch,search_queue_prepared
3e68b7f7-fda8-4e24-8134-06718aa71288,MTC's Inaugural Demo Day,search_queue_prepared
ec36cb96-8eee-475d-a4d7-78cc49d720c2,MTC's Inaugural Demo Day,search_queue_prepared
c4fe69a4-9a3f-4350-98b8-258f8d16402e,Start Up Zone Connect and Pitch,search_queue_prepared
79f73ce7-9093-4d53-9ede-82ad9256a8c3,HoCo Higher Accelerator: Fast Track [Active Cohort],search_queue_prepared
ffe9e236-773b-4834-ae7c-2fd988607fb0,MEIA Demo Day,search_queue_prepared
3e09720e-4d22-4829-9375-fbc812b76d4b,Lynda Katz Wilner: Make Your Pitch Stand Out,search_queue_prepared
b1475450-a711-4b17-b04e-a797cd4fb05c,Amazon Web Services AI Pitch Competition-In Person,search_queue_prepared
b0107ddc-9e33-4989-87bb-5b08eeb54339,2026 Cangialosi Business Innovation Competition,primary_evidence_found_partial
f9b05211-51dd-4290-9005-b8766b8bd589,Pitch Labs for Entrepreneurs @ Startup Shell,search_queue_prepared
e0e10477-8bf9-4504-b30b-2151691dd22d,HoCo Higher Accelerator: Fast Track,search_queue_prepared
18564596-89e2-4f17-abe5-3a5b73526e89,HJF Innovation Labs @ MontgomeryCountyMD – BioHealth Pitch Showcase,search_queue_prepared
eabd922e-c6e9-45bf-bcd4-5ffa47d78230,HoCo Higher Accelerator: Fast Track,search_queue_prepared
f85d61a3-4ced-4988-bfbf-6a6e16ff3434,Startup Grind: Social Impact Cohort: Soft Launch Demo Day,search_queue_prepared
9ca6238f-ff41-4faf-b69c-b7f043695ff6,Bowie State Universitys 9th Annual Bulldog Pitch Competition,search_queue_prepared
5681c621-e033-4ace-b5ad-675907b93e9d,Foundervine Accelerator USA Application Deadline,search_queue_prepared
72f500ec-8f5f-4ae9-88b9-243193b144cd,2026 Agora Venture Competition Application Deadline,search_queue_prepared
bc843622-f261-4150-988e-a45fead48b13,Amazon Web Services AI Pitch Competition- Entry Deadline,search_queue_prepared
0fe541b0-8268-4d22-b7e7-19650afb2baa,SHRM Labs' WorkplaceTech Accelerator 2026 Kickoff Reception,search_queue_prepared
89604a37-72be-494e-b25c-771ec8f4afe1,"Maryland VC Fast Pitch. Pitch, Connect, Fund!",search_queue_prepared
ae9b6ff9-085e-45b1-8323-eef2a6c166c4,Pitch and Mingle Series: The Lucky Pitch,search_queue_prepared
167a8d68-20bd-453e-b82a-ae20b187f579,Pitch and Mingle Series: Investor Showcase,search_queue_prepared
2101891a-472f-4873-a3d1-caa33a951725,Pitch and Mingle Series: Investor Showcase,search_queue_prepared
7b7eeef9-b3d3-4e73-be3a-f985423e14f3,Loyola University Baltipreneurs Demo Day,primary_evidence_found_partial
49752e8c-9ed3-4943-8a82-6d19c913e3fd,HoCo Higher: CEO Accelerator,search_queue_prepared
51b4c936-9cc1-43e0-9947-6532a001b407,UBalt AI-Enabled Business Accelerator Demo Day,primary_evidence_found_partial
4dae0868-5591-4882-b905-450ed78e7cc1,Pitch Labs for Entrepreneurs,search_queue_prepared
ec41e4dd-0610-42e5-b2dc-b46b2b33841c,Maryland Student Venture Showcase,search_queue_prepared
a3816ee5-c91e-45c0-8226-1e500daf911c,Maryland Student Venture Showcase,search_queue_prepared
8ad45ba1-bd76-478e-b016-a282e6373833,MTC CRC ChesaPitch,search_queue_prepared
71e7561c-09c7-49af-8541-50d892c0b8a5,HBCUFI Spring 2026 Pre-Accelerator: Application Deadline,search_queue_prepared
0251f5fa-ce0c-420f-b53d-339831bc9996,Cyber Howard Accelerator Cohort II Graduation and Demo Day,primary_evidence_found_partial
58333cb9-0773-4aff-8b7c-806503256e84,BRITE:  Pitch & Present Series,search_queue_prepared
6347b7a2-b80a-42f3-8582-b50f2d53e329,Pitch Labs for Entrepreneurs,search_queue_prepared
9ed07161-ae32-4b8b-b51d-856432c98c5a,Cohort 14 Demo Day | Conscious Venture Lab Program,search_queue_prepared
a13d2e97-1be5-440f-8512-2d6e02a0872f,HoCo Higher Accelerator: Fast Track,search_queue_prepared
54efb32d-d017-4dc0-90ad-7dcdf6295048,The Big Idea CONNECTpreneur Holiday Breakfast & Pitch Extravaganza,search_queue_prepared
3e9551e5-4d39-44bf-993c-29d299fef80a,The Big Idea CONNECTpreneur Holiday Breakfast & Pitch Extravaganza,search_queue_prepared
eef1ee03-0a65-4227-aed4-f9d0b6ff1479,Techstars AI Health Baltimore Demo Day,primary_evidence_found_partial
c8f85c97-0653-452d-94ed-a5c6a911f26f,ChesaPitch 2025,search_queue_prepared
f6f120c9-ab76-4656-b552-9937517f5b42,ChesaPitch 2025,search_queue_prepared
ff8c6f63-efe4-4bfd-9d60-1e12833fd359,Morgan State University: Entrepreneurs Showcase- Pitch Competition,search_queue_prepared
ecdfb384-d714-4512-8ff3-5dafd7b64c2c,AI Startathon & Big Idea Competition Turn Your Ideas Into a Startup! | Hosted by GDG Annapolis,search_queue_prepared
92935f35-c2e9-4780-bc50-36bbf209ee27,Baltipreneurs Accelerator Program Program Application Deadline,search_queue_prepared
9faef33b-1539-4528-9d7b-07f6f067a0a8,Lunch & Learn: Tips & Tricks for Effective Public Speaking & Pitching,search_queue_prepared
8aa4ecfd-a3f2-4202-9d49-f43335989648,Accelerator Showcase,search_queue_prepared
e3db5e30-0fe0-4e42-8f17-a74f6ff7231c,Accelerator Showcase,search_queue_prepared
3bd4f0b5-bf2b-4d20-ad92-04432fcab835,NCE Conscious Venture Lab Accelerator Program Cohort 13 Demo Day,search_queue_prepared
5bd78634-e7b4-4985-bb90-8697ce94ef9a,Baltimore Code & Coffee Demo Day,search_queue_prepared
529e691f-e81c-4fa4-a17a-31f235f15fe5,Conscious Venture Lab Accelerator Program Cohort 13 Demo Day,search_queue_prepared
9346ebed-a136-4d24-9091-7375383bbdf7,Conscious Venture Lab Accelerator Program Cohort 13 Demo Day,search_queue_prepared
8aeaab47-1ce5-4709-adc5-a55982aec7f8,Techstars AI Health Baltimore Demo Day,primary_evidence_found_partial
b5c1fd0f-96df-4490-af86-af29ac332e0b,Baltimore Code & Coffee Demo Day,search_queue_prepared
