event_id,event_slug,field,current_value,proposed_value,source_url,evidence_type,title_similarity,start_instant_matches,review_status
1e8dbe72-cd04-40eb-92f3-22361abba734,techstars-ai-health-baltimore-demo-day-93fa9e99,starts_at,2026-12-03T22:30:00+00:00,2026-12-03T17:30:00.000-05:00,https://lu.ma/27nucs9o,Event JSON-LD,1.0,True,needs_review
1e8dbe72-cd04-40eb-92f3-22361abba734,techstars-ai-health-baltimore-demo-day-93fa9e99,ends_at,2026-12-04T01:00:00.000Z,2026-12-03T20:00:00.000-05:00,https://lu.ma/27nucs9o,Event JSON-LD,1.0,True,needs_review
1e8dbe72-cd04-40eb-92f3-22361abba734,techstars-ai-health-baltimore-demo-day-93fa9e99,location,"1101 Russell St, 1101 Russell St, Baltimore, MD 21230, USA, Baltimore, Maryland, United States","1101 Russell St, 1101 Russell St, Baltimore, Maryland, US",https://lu.ma/27nucs9o,Event JSON-LD,1.0,True,needs_review
1e8dbe72-cd04-40eb-92f3-22361abba734,techstars-ai-health-baltimore-demo-day-93fa9e99,image_url,https://codecollective.us/event_images/Techstars_AI_Health_Baltimore_Demo_Day.webp,"https://images.lumacdn.com/cdn-cgi/image/format=auto,fit=cover,dpr=1,anim=false,background=white,quality=75,width=1920,height=1920/uploads/sm/82a588c0-5d9b-4928-997a-6cd77f7830b7.png",https://lu.ma/27nucs9o,Event JSON-LD,1.0,True,needs_review
57f6bf4c-ecf6-4919-88af-2adeafd62ad4,startup-social-novella-center-for-entrepreneurship-founder-showcase-angel-invest,starts_at,2026-11-12T21:30:00+00:00,2026-11-12T17:30:00-05:00,https://spark-baltimore.cobot.me/event/2026-11-12-startup-social-novella-center-for-entrepreneurship-founder-showcase-angel-investing-panel-immersive-experience-0a1a84f1555bfdd4444b9e5f031af73e,Event JSON-LD,1.0,False,needs_date_or_identity_review
57f6bf4c-ecf6-4919-88af-2adeafd62ad4,startup-social-novella-center-for-entrepreneurship-founder-showcase-angel-invest,ends_at,2026-11-12T19:30:00-0400,2026-11-12T19:30:00-05:00,https://spark-baltimore.cobot.me/event/2026-11-12-startup-social-novella-center-for-entrepreneurship-founder-showcase-angel-investing-panel-immersive-experience-0a1a84f1555bfdd4444b9e5f031af73e,Event JSON-LD,1.0,False,needs_date_or_identity_review
57f6bf4c-ecf6-4919-88af-2adeafd62ad4,startup-social-novella-center-for-entrepreneurship-founder-showcase-angel-invest,location,"Spark Coworking, Baltimore, MD","Spark Baltimore, Spark Coworking, Baltimore, MD, 21202, US",https://spark-baltimore.cobot.me/event/2026-11-12-startup-social-novella-center-for-entrepreneurship-founder-showcase-angel-investing-panel-immersive-experience-0a1a84f1555bfdd4444b9e5f031af73e,Event JSON-LD,1.0,False,needs_date_or_identity_review
57f6bf4c-ecf6-4919-88af-2adeafd62ad4,startup-social-novella-center-for-entrepreneurship-founder-showcase-angel-invest,image_url,https://codecollective.us/event_images/Startup_Social_Novella_Center_for_Entrepreneurship_Founder_Showcase_Angel_Invest.webp,https://images.cobot.me/uploads/events/event/image/0a1a84f1555bfdd4444b9e5f031af73e/default_57701b80-b2f9-4d53-a858-0304461f5c25.png?Expires=1791139431&Signature=DOf44JpDHDiT5IWZukQnNHRlSCL55ajPG3EKNZ1tjbMMi8HFJQ9~vMNLZES9utGLdLKq3NVNduXMw8sqVQ0FYqf4KS6tMn82EZDF6x-YeOr5kxO2neHP3p5vU1Lh1sd-Hw8gmjwyQeZEtkmExTlEy5jSHj-aNsKIXuTnqvXU3HAWpN7iGjvXyjgkN~uuqnfn7ZqjXkJ0xEt1AL9N2hnW1S7z2uBcHFql69ghU-qCNHBcPJNm3YGqAUoX6hQXb~OZtfqrO1fhwt0IhtTurcBMX~xz398juuxTeEgqMV2ziqW4lq2jjOsstHmDL8j3NhAz-IpoM~gvdSyhcEPSw-dG3A__&Key-Pair-Id=K1ZBN7P7O3WJNS,https://spark-baltimore.cobot.me/event/2026-11-12-startup-social-novella-center-for-entrepreneurship-founder-showcase-angel-investing-panel-immersive-experience-0a1a84f1555bfdd4444b9e5f031af73e,Event JSON-LD,1.0,False,needs_date_or_identity_review
57f6bf4c-ecf6-4919-88af-2adeafd62ad4,startup-social-novella-center-for-entrepreneurship-founder-showcase-angel-invest,host_org_name,,Spark Baltimore,https://spark-baltimore.cobot.me/event/2026-11-12-startup-social-novella-center-for-entrepreneurship-founder-showcase-angel-investing-panel-immersive-experience-0a1a84f1555bfdd4444b9e5f031af73e,Event JSON-LD,1.0,False,needs_date_or_identity_review
2ee6b8af-8cae-44f2-83a7-0df1131ab72f,market-pulse-cyber-howard-challenge-pitch-71ffc617,starts_at,2026-10-20T21:00:00+00:00,2026-10-20T17:00:00-04:00,https://www.eventbrite.com/e/market-pulse-cyber-howard-challenge-pitch-tickets-2000657346981,Event JSON-LD,1.0,True,needs_review
2ee6b8af-8cae-44f2-83a7-0df1131ab72f,market-pulse-cyber-howard-challenge-pitch-71ffc617,ends_at,2026-10-20T17:00:00-04:00,2026-10-20T20:00:00-04:00,https://www.eventbrite.com/e/market-pulse-cyber-howard-challenge-pitch-tickets-2000657346981,Event JSON-LD,1.0,True,needs_review
2ee6b8af-8cae-44f2-83a7-0df1131ab72f,market-pulse-cyber-howard-challenge-pitch-71ffc617,location,"Maryland Innovation Center, 6751 Columbia Gateway Drive, Columbia, MD 21046, Columbia, MD, 21046, US","Maryland Innovation Center, 6751 Columbia Gateway Drive, Columbia, MD 21046, Columbia, MD, US",https://www.eventbrite.com/e/market-pulse-cyber-howard-challenge-pitch-tickets-2000657346981,Event JSON-LD,1.0,True,needs_review
2ee6b8af-8cae-44f2-83a7-0df1131ab72f,market-pulse-cyber-howard-challenge-pitch-71ffc617,image_url,https://codecollective.us/event_images/Market_Pulse_Cyber_Howard_Challenge_Pitch.webp,https://img.evbuc.com/https%3A%2F%2Fcdn.evbuc.com%2Fimages%2F1194190399%2F1954746326533%2F1%2Foriginal.20260923-134324?crop=focalpoint&fit=crop&w=940&auto=format%2Ccompress&q=75&sharp=10&fp-x=0.077&fp-y=0.343&s=beec23dd76ebc6dec723b2196dc4e5ff,https://www.eventbrite.com/e/market-pulse-cyber-howard-challenge-pitch-tickets-2000657346981,Event JSON-LD,1.0,True,needs_review
cf8cf72c-1d29-45e2-9b01-621358207453,pitch-mingle-series-the-great-pumpkin-pitch-e82a030e,starts_at,2026-10-15T21:00:00+00:00,2026-10-15T17:00:00-04:00,https://www.eventbrite.com/e/pitch-mingle-series-the-great-pumpkin-pitch-tickets-1998218487286,Event JSON-LD,1.0,True,needs_review
cf8cf72c-1d29-45e2-9b01-621358207453,pitch-mingle-series-the-great-pumpkin-pitch-e82a030e,ends_at,2026-10-15T17:00:00-04:00,2026-10-15T20:00:00-04:00,https://www.eventbrite.com/e/pitch-mingle-series-the-great-pumpkin-pitch-tickets-1998218487286,Event JSON-LD,1.0,True,needs_review
cf8cf72c-1d29-45e2-9b01-621358207453,pitch-mingle-series-the-great-pumpkin-pitch-e82a030e,location,"Maryland Innovation Center, 6751 Columbia Gateway Drive, Columbia, MD 21046, Columbia, MD, 21046, US","Maryland Innovation Center, 6751 Columbia Gateway Drive, Columbia, MD 21046, Columbia, MD, US",https://www.eventbrite.com/e/pitch-mingle-series-the-great-pumpkin-pitch-tickets-1998218487286,Event JSON-LD,1.0,True,needs_review
cf8cf72c-1d29-45e2-9b01-621358207453,pitch-mingle-series-the-great-pumpkin-pitch-e82a030e,image_url,https://codecollective.us/event_images/Pitch_Mingle_Series_The_Great_Pumpkin_Pitch.webp,https://img.evbuc.com/https%3A%2F%2Fcdn.evbuc.com%2Fimages%2F1191281457%2F2595914680151%2F1%2Foriginal.20260817-205358?crop=focalpoint&fit=crop&w=940&auto=format%2Ccompress&q=75&sharp=10&fp-x=0.5&fp-y=0.5&s=8c698300102f611e9742cb489f8bc828,https://www.eventbrite.com/e/pitch-mingle-series-the-great-pumpkin-pitch-tickets-1998218487286,Event JSON-LD,1.0,True,needs_review
7d4138d6-e2ea-4c9c-8a26-da0eecc94608,virtual-information-session-comotion-labs-climate-tech-incubator-1fc91b7f,starts_at,2026-10-15T21:00:00+00:00,2026-10-15T14:00:00.000-07:00,https://luma.com/y7kzq0bc,Event JSON-LD,1.0,True,needs_review
7d4138d6-e2ea-4c9c-8a26-da0eecc94608,virtual-information-session-comotion-labs-climate-tech-incubator-1fc91b7f,ends_at,2026-10-15T22:00:00.000Z,2026-10-15T15:00:00.000-07:00,https://luma.com/y7kzq0bc,Event JSON-LD,1.0,True,needs_review
7d4138d6-e2ea-4c9c-8a26-da0eecc94608,virtual-information-session-comotion-labs-climate-tech-incubator-1fc91b7f,location,,Online Event,https://luma.com/y7kzq0bc,Event JSON-LD,1.0,True,needs_review
7d4138d6-e2ea-4c9c-8a26-da0eecc94608,virtual-information-session-comotion-labs-climate-tech-incubator-1fc91b7f,image_url,https://codecollective.us/event_images/VIRTUAL_Information_Session_CoMotion_Labs_Climate_Tech_Incubator.webp,"https://images.lumacdn.com/cdn-cgi/image/format=auto,fit=cover,dpr=1,anim=false,background=white,quality=75,width=1920,height=1920/uploads/7i/e2c387cb-a8c6-4aa0-9277-df00af323b97.jpg",https://luma.com/y7kzq0bc,Event JSON-LD,1.0,True,needs_review
7d4138d6-e2ea-4c9c-8a26-da0eecc94608,virtual-information-session-comotion-labs-climate-tech-incubator-1fc91b7f,host_org_name,Bill's Journey Into AI,CoMotion Labs - Climate Tech Incubator,https://luma.com/y7kzq0bc,Event JSON-LD,1.0,True,needs_review
d0f82cd2-7a00-4b5b-be1f-f0831ad5ccf5,pitch-labs-for-entrepreneurs-fairfax-fdec-a0ab4dcd,starts_at,2026-09-19T14:00:00+00:00,2026-09-19T10:00:00-04:00,https://www.meetup.com/pitch-labs/events/316352727/,Event JSON-LD,1.0,True,needs_review
d0f82cd2-7a00-4b5b-be1f-f0831ad5ccf5,pitch-labs-for-entrepreneurs-fairfax-fdec-a0ab4dcd,location,"Fairfax City Economic Development, 10300 Eaton Pl, Fairfax, VA, us","Fairfax City Economic Development, 10300 Eaton Pl, Fairfax, VA, Fairfax, VA, us",https://www.meetup.com/pitch-labs/events/316352727/,Event JSON-LD,1.0,True,needs_review
d0f82cd2-7a00-4b5b-be1f-f0831ad5ccf5,pitch-labs-for-entrepreneurs-fairfax-fdec-a0ab4dcd,image_url,https://codecollective.us/event_images/Pitch_Labs_for_Entrepreneurs_Fairfax_FDEC.webp,https://secure-content.meetupstatic.com/images/classic-events/513876441/676x676.jpg,https://www.meetup.com/pitch-labs/events/316352727/,Event JSON-LD,1.0,True,needs_review
5fff0c3c-7858-4361-a04e-a8542567fc80,women-in-ai-pitch-competition-de544281,starts_at,2026-09-10T16:00:00+00:00,2026-09-10T12:00:00-04:00,https://www.abwippm.org/events-1/women-in-ai-pitch-competition,Event JSON-LD,1.0,True,needs_review
5fff0c3c-7858-4361-a04e-a8542567fc80,women-in-ai-pitch-competition-de544281,image_url,https://codecollective.us/event_images/Women_in_AI_Pitch_Competition.webp,"https://static.wixstatic.com/media/58a4c7_bf644741014b40778fe75ac2b4baa682~mv2.png/v1/fill/w_844,h_844,al_c/58a4c7_bf644741014b40778fe75ac2b4baa682~mv2.png",https://www.abwippm.org/events-1/women-in-ai-pitch-competition,Event JSON-LD,1.0,True,needs_review
10341b85-0ba3-4f4c-8492-d67d27de1501,mtc-crc-august-chesapitch-5f94e09a,starts_at,2026-08-27T19:00:00+00:00,2026-08-27,https://members.mdtechcouncil.com/eventcalendar/Details/mtc-crc-august-chesapitch-1763862?sourceTypeId=Website,Event JSON-LD,1.0,False,needs_date_or_identity_review
10341b85-0ba3-4f4c-8492-d67d27de1501,mtc-crc-august-chesapitch-5f94e09a,ends_at,2026-08-27T17:30:00-04:00,2026-08-27,https://members.mdtechcouncil.com/eventcalendar/Details/mtc-crc-august-chesapitch-1763862?sourceTypeId=Website,Event JSON-LD,1.0,False,needs_date_or_identity_review
9b5b0297-891e-456f-8062-9d5618a87e53,cb-tech-innovation-internship-demo-day-a28f17cc,starts_at,2026-08-12T17:00:00+00:00,2026-08-12T13:00:00.000-04:00,https://luma.com/cbinternshowcase26,Event JSON-LD,1.0,True,needs_review
9b5b0297-891e-456f-8062-9d5618a87e53,cb-tech-innovation-internship-demo-day-a28f17cc,ends_at,2026-08-12T20:00:00.000Z,2026-08-12T16:00:00.000-04:00,https://luma.com/cbinternshowcase26,Event JSON-LD,1.0,True,needs_review
9b5b0297-891e-456f-8062-9d5618a87e53,cb-tech-innovation-internship-demo-day-a28f17cc,location,"Quorum, Quorum, 3675 Market St Suite 200, Philadelphia, PA 19104, USA","Quorum, Quorum, Philadelphia, Pennsylvania, US",https://luma.com/cbinternshowcase26,Event JSON-LD,1.0,True,needs_review
9b5b0297-891e-456f-8062-9d5618a87e53,cb-tech-innovation-internship-demo-day-a28f17cc,image_url,https://codecollective.us/event_images/Cb_Tech_Innovation_Internship_Demo_Day.webp,"https://images.lumacdn.com/cdn-cgi/image/format=auto,fit=cover,dpr=1,anim=false,background=white,quality=75,width=1920,height=1920/uploads/e9/c4a90641-cd19-4337-8c7a-06bb9ae23fd7.png",https://luma.com/cbinternshowcase26,Event JSON-LD,1.0,True,needs_review
9b5b0297-891e-456f-8062-9d5618a87e53,cb-tech-innovation-internship-demo-day-a28f17cc,host_org_name,luma.com,1Philadelphia,https://luma.com/cbinternshowcase26,Event JSON-LD,1.0,True,needs_review
4b426cdf-20e5-478a-bf97-97ee4f77c898,women-in-ai-pitch-competition-a76162a6,starts_at,2026-07-23T16:00:00+00:00,2026-07-23T12:00:00-04:00,https://www.abwippm.org/events-1/women-in-ai-pitch-competition-2026-07-23-12-00,Event JSON-LD,1.0,True,needs_review
4b426cdf-20e5-478a-bf97-97ee4f77c898,women-in-ai-pitch-competition-a76162a6,image_url,https://codecollective.us/event_images/Women_In_AI_Pitch_Competition.webp,"https://static.wixstatic.com/media/a7f3b3_bc8333c44c0c42aa8f4b73da42c8aa54~mv2.png/v1/fill/w_844,h_844,al_c/a7f3b3_bc8333c44c0c42aa8f4b73da42c8aa54~mv2.png",https://www.abwippm.org/events-1/women-in-ai-pitch-competition-2026-07-23-12-00,Event JSON-LD,1.0,True,needs_review
e0b91254-38b1-4f7f-a4db-7e2efd15814c,2026-summer-launch-incubator-sli-virtual-showcase-f2ef4a52,starts_at,2026-07-16T21:30:00+00:00,2026-07-16T17:30:00-04:00,https://www.eventbrite.com/e/2026-summer-launch-incubator-sli-virtual-showcase-tickets-1993623926832,Event JSON-LD,1.0,True,needs_review
e0b91254-38b1-4f7f-a4db-7e2efd15814c,2026-summer-launch-incubator-sli-virtual-showcase-f2ef4a52,ends_at,2026-07-16T17:30:00-04:00,2026-07-16T19:30:00-04:00,https://www.eventbrite.com/e/2026-summer-launch-incubator-sli-virtual-showcase-tickets-1993623926832,Event JSON-LD,1.0,True,needs_review
e0b91254-38b1-4f7f-a4db-7e2efd15814c,2026-summer-launch-incubator-sli-virtual-showcase-f2ef4a52,image_url,https://codecollective.us/event_images/2026_Summer_Launch_Incubator_SLI_Virtual_Showcase.webp,https://img.evbuc.com/https%3A%2F%2Fcdn.evbuc.com%2Fimages%2F1188936878%2F312987192584%2F1%2Foriginal.20260715-170436?w=940&auto=format%2Ccompress&q=75&sharp=10&s=f545337e4d9db35cb3f6548b449b5a08,https://www.eventbrite.com/e/2026-summer-launch-incubator-sli-virtual-showcase-tickets-1993623926832,Event JSON-LD,1.0,True,needs_review
e0b91254-38b1-4f7f-a4db-7e2efd15814c,2026-summer-launch-incubator-sli-virtual-showcase-f2ef4a52,host_org_name,eventbrite.com,Georgetown Entrepreneurship Initiative,https://www.eventbrite.com/e/2026-summer-launch-incubator-sli-virtual-showcase-tickets-1993623926832,Event JSON-LD,1.0,True,needs_review
38b83552-6e46-4956-8ed1-dcac54690c1e,2026-summer-launch-incubator-sli-virtual-showcase-906cf3b7,starts_at,2026-07-16T21:00:00+00:00,2026-07-16T17:30:00-04:00,https://www.eventbrite.com/e/2026-summer-launch-incubator-sli-virtual-showcase-tickets-1993623926832,Event JSON-LD,1.0,False,needs_date_or_identity_review
38b83552-6e46-4956-8ed1-dcac54690c1e,2026-summer-launch-incubator-sli-virtual-showcase-906cf3b7,ends_at,2026-07-16T17:00:00-04:00,2026-07-16T19:30:00-04:00,https://www.eventbrite.com/e/2026-summer-launch-incubator-sli-virtual-showcase-tickets-1993623926832,Event JSON-LD,1.0,False,needs_date_or_identity_review
38b83552-6e46-4956-8ed1-dcac54690c1e,2026-summer-launch-incubator-sli-virtual-showcase-906cf3b7,image_url,https://codecollective.us/event_images/2026_Summer_Launch_Incubator_SLI_Virtual_Showcase.webp,https://img.evbuc.com/https%3A%2F%2Fcdn.evbuc.com%2Fimages%2F1188936878%2F312987192584%2F1%2Foriginal.20260715-170436?w=940&auto=format%2Ccompress&q=75&sharp=10&s=f545337e4d9db35cb3f6548b449b5a08,https://www.eventbrite.com/e/2026-summer-launch-incubator-sli-virtual-showcase-tickets-1993623926832,Event JSON-LD,1.0,False,needs_date_or_identity_review
38b83552-6e46-4956-8ed1-dcac54690c1e,2026-summer-launch-incubator-sli-virtual-showcase-906cf3b7,host_org_name,eventbrite.com,Georgetown Entrepreneurship Initiative,https://www.eventbrite.com/e/2026-summer-launch-incubator-sli-virtual-showcase-tickets-1993623926832,Event JSON-LD,1.0,False,needs_date_or_identity_review
3b16ed4e-16b8-42f6-9212-31435c1afbe2,cyber-howard-accelerator-cohort-iii-graduation-and-demo-day-938293eb,starts_at,2026-07-16T15:30:00+00:00,2026-07-16T11:30:00-04:00,https://www.eventbrite.com/e/cyber-howard-accelerator-cohort-iii-graduation-and-demo-day-tickets-1991917204981,Event JSON-LD,1.0,True,needs_review
3b16ed4e-16b8-42f6-9212-31435c1afbe2,cyber-howard-accelerator-cohort-iii-graduation-and-demo-day-938293eb,ends_at,2026-07-16T11:30:00-04:00,2026-07-16T14:00:00-04:00,https://www.eventbrite.com/e/cyber-howard-accelerator-cohort-iii-graduation-and-demo-day-tickets-1991917204981,Event JSON-LD,1.0,True,needs_review
3b16ed4e-16b8-42f6-9212-31435c1afbe2,cyber-howard-accelerator-cohort-iii-graduation-and-demo-day-938293eb,location,"6751 Columbia Gateway Dr, 6751 Columbia Gateway Drive, Columbia, MD 21046, Columbia, MD, 21046, US","6751 Columbia Gateway Dr, 6751 Columbia Gateway Drive, Columbia, MD 21046, Columbia, MD, US",https://www.eventbrite.com/e/cyber-howard-accelerator-cohort-iii-graduation-and-demo-day-tickets-1991917204981,Event JSON-LD,1.0,True,needs_review
3b16ed4e-16b8-42f6-9212-31435c1afbe2,cyber-howard-accelerator-cohort-iii-graduation-and-demo-day-938293eb,image_url,https://codecollective.us/event_images/Cyber_Howard_Accelerator_Cohort_III_Graduation_and_Demo_Day.webp,https://img.evbuc.com/https%3A%2F%2Fcdn.evbuc.com%2Fimages%2F1186932246%2F1954746326533%2F1%2Foriginal.20260615-140308?w=940&auto=format%2Ccompress&q=75&sharp=10&s=0cd51a95b9baf5de068ed1e11316f7a0,https://www.eventbrite.com/e/cyber-howard-accelerator-cohort-iii-graduation-and-demo-day-tickets-1991917204981,Event JSON-LD,1.0,True,needs_review
dd40b422-6963-43a6-9968-432772fbf177,baltimore-bitcoin-blockchain-bootcamp-af74d7e5,starts_at,2026-07-14T01:00:00+00:00,2026-07-13T21:00:00-04:00,https://www.meetup.com/baltimorebitcoin/events/314922804/,Event JSON-LD,1.0,True,needs_review
dd40b422-6963-43a6-9968-432772fbf177,baltimore-bitcoin-blockchain-bootcamp-af74d7e5,ends_at,,2026-07-17T16:00:00-04:00,https://www.meetup.com/baltimorebitcoin/events/314922804/,Event JSON-LD,1.0,True,needs_review
dd40b422-6963-43a6-9968-432772fbf177,baltimore-bitcoin-blockchain-bootcamp-af74d7e5,location,"Capitol Technology University, 11301 Springfield Rd., room 154 MCI Hall, Laurel, md, us","Capitol Technology University, 11301 Springfield Rd., room 154 MCI Hall, Laurel, md, Laurel, md, us",https://www.meetup.com/baltimorebitcoin/events/314922804/,Event JSON-LD,1.0,True,needs_review
dd40b422-6963-43a6-9968-432772fbf177,baltimore-bitcoin-blockchain-bootcamp-af74d7e5,image_url,https://www.google.com/s2/favicons?domain=meetup.com&sz=256,https://secure-content.meetupstatic.com/images/classic-events/534365563/676x676.jpg,https://www.meetup.com/baltimorebitcoin/events/314922804/,Event JSON-LD,1.0,True,needs_review
a9ea5d86-87e1-40c3-a02b-51fca6a0d923,pitch-labs-for-entrepreneurs-shirlington-library-7a72123c,starts_at,2026-06-27T18:00:00+00:00,2026-06-27T14:00:00-04:00,https://www.meetup.com/pitch-labs/events/315248814/,Event JSON-LD,1.0,True,needs_review
a9ea5d86-87e1-40c3-a02b-51fca6a0d923,pitch-labs-for-entrepreneurs-shirlington-library-7a72123c,location,"Shirlington Library, 4200 Campbell Ave, Arlington, VA, us","Shirlington Library, 4200 Campbell Ave, Arlington, VA, Arlington, VA, us",https://www.meetup.com/pitch-labs/events/315248814/,Event JSON-LD,1.0,True,needs_review
a9ea5d86-87e1-40c3-a02b-51fca6a0d923,pitch-labs-for-entrepreneurs-shirlington-library-7a72123c,image_url,https://codecollective.us/event_images/Pitch_Labs_for_Entrepreneurs_Shirlington_Library.webp,https://secure-content.meetupstatic.com/images/classic-events/513876441/676x676.jpg,https://www.meetup.com/pitch-labs/events/315248814/,Event JSON-LD,1.0,True,needs_review
363a44a9-e20c-4338-9c15-3b1a54b74f46,pitch-tips-meetup-with-dc-dao-stand-with-crypto-and-virginia-blockchain-council-,starts_at,2026-06-18T21:30:00+00:00,2026-06-18T17:30:00.000-04:00,https://lu.ma/atxnfmac,Event JSON-LD,1.0,True,needs_review
363a44a9-e20c-4338-9c15-3b1a54b74f46,pitch-tips-meetup-with-dc-dao-stand-with-crypto-and-virginia-blockchain-council-,ends_at,,2026-06-18T19:30:00.000-04:00,https://lu.ma/atxnfmac,Event JSON-LD,1.0,True,needs_review
363a44a9-e20c-4338-9c15-3b1a54b74f46,pitch-tips-meetup-with-dc-dao-stand-with-crypto-and-virginia-blockchain-council-,location,"Buena Vida Gastrolounge, Buena Vida Gastrolounge, 2900 Wilson Blvd Suite 103, Arlington, VA 22201, USA, Arlington, Virginia, United States","Buena Vida Gastrolounge, Buena Vida Gastrolounge, Arlington, Virginia, US",https://lu.ma/atxnfmac,Event JSON-LD,1.0,True,needs_review
363a44a9-e20c-4338-9c15-3b1a54b74f46,pitch-tips-meetup-with-dc-dao-stand-with-crypto-and-virginia-blockchain-council-,image_url,https://www.google.com/s2/favicons?domain=api.lu.ma&sz=256,"https://images.lumacdn.com/cdn-cgi/image/format=auto,fit=cover,dpr=1,anim=false,background=white,quality=75,width=1920,height=1920/uploads/ti/7445d841-cfbb-4561-ad5d-3c680efed432.png",https://lu.ma/atxnfmac,Event JSON-LD,1.0,True,needs_review
363a44a9-e20c-4338-9c15-3b1a54b74f46,pitch-tips-meetup-with-dc-dao-stand-with-crypto-and-virginia-blockchain-council-,host_org_name,api.lu.ma,DC DAO Calendar,https://lu.ma/atxnfmac,Event JSON-LD,1.0,True,needs_review
4dc98c38-df9a-45b2-aeef-abddd4f00809,civic-builders-pitch-demo-night-c949cf28,starts_at,2026-06-17T22:00:00+00:00,2026-06-17T18:00:00.000-04:00,https://luma.com/civic-ulhb,Event JSON-LD,1.0,True,needs_review
4dc98c38-df9a-45b2-aeef-abddd4f00809,civic-builders-pitch-demo-night-c949cf28,ends_at,,2026-06-17T20:30:00.000-04:00,https://luma.com/civic-ulhb,Event JSON-LD,1.0,True,needs_review
4dc98c38-df9a-45b2-aeef-abddd4f00809,civic-builders-pitch-demo-night-c949cf28,location,"2112 Pennsylvania Ave NW, 2112 Pennsylvania Ave NW, Washington, DC 20037, USA","2112 Pennsylvania Ave NW, 2112 Pennsylvania Ave NW, Washington, District of Columbia, US",https://luma.com/civic-ulhb,Event JSON-LD,1.0,True,needs_review
4dc98c38-df9a-45b2-aeef-abddd4f00809,civic-builders-pitch-demo-night-c949cf28,image_url,https://images.lumacdn.com/uploads/4j/b0fee201-0c0a-4722-8355-2621dcfe8982.png,"https://images.lumacdn.com/cdn-cgi/image/format=auto,fit=cover,dpr=1,anim=false,background=white,quality=75,width=1920,height=1920/uploads/ub/2cea7911-de73-43f8-a992-e74a255c578c.png",https://luma.com/civic-ulhb,Event JSON-LD,1.0,True,needs_review
4dc98c38-df9a-45b2-aeef-abddd4f00809,civic-builders-pitch-demo-night-c949cf28,host_org_name,lu.ma,Civic Tech DC,https://luma.com/civic-ulhb,Event JSON-LD,1.0,True,needs_review
7703a2a2-3cd7-4779-a3eb-7537c66b2ca4,start-up-zone-connect-and-pitch-08baf8fd,starts_at,2026-06-03T12:30:00+00:00,2026-06-03,https://members.mdtechcouncil.com/eventcalendar/Details/start-up-zone-connect-and-pitch-1663331?sourceTypeId=Website,Event JSON-LD,1.0,False,needs_date_or_identity_review
7703a2a2-3cd7-4779-a3eb-7537c66b2ca4,start-up-zone-connect-and-pitch-08baf8fd,ends_at,2026-06-03T11:30:00-04:00,2026-06-03,https://members.mdtechcouncil.com/eventcalendar/Details/start-up-zone-connect-and-pitch-1663331?sourceTypeId=Website,Event JSON-LD,1.0,False,needs_date_or_identity_review
7703a2a2-3cd7-4779-a3eb-7537c66b2ca4,start-up-zone-connect-and-pitch-08baf8fd,host_org_name,members.mdtechcouncil.com,Amy Speck,https://members.mdtechcouncil.com/eventcalendar/Details/start-up-zone-connect-and-pitch-1663331?sourceTypeId=Website,Event JSON-LD,1.0,False,needs_date_or_identity_review
dce0933a-23ee-453b-becf-e79cd85f3f14,build-with-ai-week-4-demo-day-the-impact-pitch-f1a86e14,starts_at,2026-05-28T12:30:00+00:00,2026-06-04T08:30:00-04:00,https://gdg.community.dev/events/details/google-gdg-brunswick-presents-build-with-ai-week-4-demo-day-amp-the-impact-pitch/,Event JSON-LD,0.958,False,needs_date_or_identity_review
dce0933a-23ee-453b-becf-e79cd85f3f14,build-with-ai-week-4-demo-day-the-impact-pitch-f1a86e14,ends_at,,2026-06-04T09:30:00-04:00,https://gdg.community.dev/events/details/google-gdg-brunswick-presents-build-with-ai-week-4-demo-day-amp-the-impact-pitch/,Event JSON-LD,0.958,False,needs_date_or_identity_review
dce0933a-23ee-453b-becf-e79cd85f3f14,build-with-ai-week-4-demo-day-the-impact-pitch-f1a86e14,image_url,https://codecollective.us/event_images/Build_with_AI_Week_4_Demo_Day_The_Impact_Pitch.webp,"https://res.cloudinary.com/startup-grind/image/upload/c_fill,dpr_2.0,f_auto,g_center,q_auto:good/v1/gcs/platform-data-goog/events/forums/events/blob_BodaN0i_AYwnwZ0_LEUsJwt",https://gdg.community.dev/events/details/google-gdg-brunswick-presents-build-with-ai-week-4-demo-day-amp-the-impact-pitch/,Event JSON-LD,0.958,False,needs_date_or_identity_review
dce0933a-23ee-453b-becf-e79cd85f3f14,build-with-ai-week-4-demo-day-the-impact-pitch-f1a86e14,host_org_name,Google Developer Group Chapter 3047,Naomi Latini Wolfe,https://gdg.community.dev/events/details/google-gdg-brunswick-presents-build-with-ai-week-4-demo-day-amp-the-impact-pitch/,Event JSON-LD,0.958,False,needs_date_or_identity_review
5757150f-3a80-47ee-8dee-a97efed1588a,chesapitch-2026-get-a-front-row-seat-to-our-shark-tank-437eedf7,starts_at,2026-05-20T19:00:20+00:00,2026-08-27T15:00:44-04:00,https://gdg.community.dev/events/details/google-gdg-annapolis-presents-chesapitch-2026-get-a-front-row-seat-to-our-shark-tank/,Event JSON-LD,1.0,False,needs_date_or_identity_review
5757150f-3a80-47ee-8dee-a97efed1588a,chesapitch-2026-get-a-front-row-seat-to-our-shark-tank-437eedf7,ends_at,,2026-08-27T18:00:44-04:00,https://gdg.community.dev/events/details/google-gdg-annapolis-presents-chesapitch-2026-get-a-front-row-seat-to-our-shark-tank/,Event JSON-LD,1.0,False,needs_date_or_identity_review
5757150f-3a80-47ee-8dee-a97efed1588a,chesapitch-2026-get-a-front-row-seat-to-our-shark-tank-437eedf7,location,,"AACC Health and Life Sciences Building, 101 College Parkway, Arnold, MD, 21012, US",https://gdg.community.dev/events/details/google-gdg-annapolis-presents-chesapitch-2026-get-a-front-row-seat-to-our-shark-tank/,Event JSON-LD,1.0,False,needs_date_or_identity_review
5757150f-3a80-47ee-8dee-a97efed1588a,chesapitch-2026-get-a-front-row-seat-to-our-shark-tank-437eedf7,image_url,https://codecollective.us/event_images/CHESAPITCH_2026_Get_a_Front_Row_Seat_to_our_Shark_Tank.webp,"https://res.cloudinary.com/startup-grind/image/upload/c_fill,dpr_2.0,f_auto,g_center,q_auto:good/v1/gcs/platform-data-goog/events/blob_dpMJ5HX",https://gdg.community.dev/events/details/google-gdg-annapolis-presents-chesapitch-2026-get-a-front-row-seat-to-our-shark-tank/,Event JSON-LD,1.0,False,needs_date_or_identity_review
5757150f-3a80-47ee-8dee-a97efed1588a,chesapitch-2026-get-a-front-row-seat-to-our-shark-tank-437eedf7,host_org_name,Google Developer Group Chapter 3047,Google Developer Groups,https://gdg.community.dev/events/details/google-gdg-annapolis-presents-chesapitch-2026-get-a-front-row-seat-to-our-shark-tank/,Event JSON-LD,1.0,False,needs_date_or_identity_review
cc0b8639-dc11-4216-bd71-99b5fec6fba2,mtc-crc-may-chesapitch-ff560eaa,starts_at,2026-05-20T15:00:00-04:00,2026-05-19,https://members.mdtechcouncil.com/eventcalendar/Details/mtc-crc-may-chesapitch-1681166?sourceTypeId=Website,Event JSON-LD,1.0,False,needs_date_or_identity_review
cc0b8639-dc11-4216-bd71-99b5fec6fba2,mtc-crc-may-chesapitch-ff560eaa,ends_at,2026-05-20T17:30:00-04:00,2026-05-19,https://members.mdtechcouncil.com/eventcalendar/Details/mtc-crc-may-chesapitch-1681166?sourceTypeId=Website,Event JSON-LD,1.0,False,needs_date_or_identity_review
d995fd63-a7a4-45ca-a5e2-d99bcf5478fe,chesapitch-2026-get-a-front-row-seat-to-our-shark-tank-may26-2209d28d,starts_at,2026-05-19T19:00:20+00:00,2026-05-19T15:00:20-04:00,https://gdg.community.dev/events/details/google-gdg-annapolis-presents-chesapitch-2026-get-a-front-row-seat-to-our-shark-tank-may26/,Event JSON-LD,1.0,True,needs_review
d995fd63-a7a4-45ca-a5e2-d99bcf5478fe,chesapitch-2026-get-a-front-row-seat-to-our-shark-tank-may26-2209d28d,ends_at,,2026-05-19T18:00:20-04:00,https://gdg.community.dev/events/details/google-gdg-annapolis-presents-chesapitch-2026-get-a-front-row-seat-to-our-shark-tank-may26/,Event JSON-LD,1.0,True,needs_review
d995fd63-a7a4-45ca-a5e2-d99bcf5478fe,chesapitch-2026-get-a-front-row-seat-to-our-shark-tank-may26-2209d28d,location,,"AACC Health and Life Sciences Building, 101 College Parkway, Arnold, MD, 21012, US",https://gdg.community.dev/events/details/google-gdg-annapolis-presents-chesapitch-2026-get-a-front-row-seat-to-our-shark-tank-may26/,Event JSON-LD,1.0,True,needs_review
d995fd63-a7a4-45ca-a5e2-d99bcf5478fe,chesapitch-2026-get-a-front-row-seat-to-our-shark-tank-may26-2209d28d,host_org_name,Google Developer Group Chapter 3047,Google Developer Groups,https://gdg.community.dev/events/details/google-gdg-annapolis-presents-chesapitch-2026-get-a-front-row-seat-to-our-shark-tank-may26/,Event JSON-LD,1.0,True,needs_review
00f494e5-a7b7-4fb3-bf48-91652172bf4b,mtc-crc-may-chesapitch-d181868b,starts_at,2026-05-19T19:00:00+00:00,2026-05-19,https://members.mdtechcouncil.com/eventcalendar/Details/mtc-crc-may-chesapitch-1681166?sourceTypeId=Website,Event JSON-LD,1.0,False,needs_date_or_identity_review
00f494e5-a7b7-4fb3-bf48-91652172bf4b,mtc-crc-may-chesapitch-d181868b,ends_at,2026-05-19T17:30:00-04:00,2026-05-19,https://members.mdtechcouncil.com/eventcalendar/Details/mtc-crc-may-chesapitch-1681166?sourceTypeId=Website,Event JSON-LD,1.0,False,needs_date_or_identity_review
11e1135b-81a6-4765-a5aa-a04e92ae9251,pitch-labs-for-entrepreneurs-fairfax-fdec-82844d61,starts_at,2026-05-16T14:00:00+00:00,2026-05-16T10:00:00-04:00,https://www.meetup.com/pitch-labs/events/314748564/,Event JSON-LD,1.0,True,needs_review
11e1135b-81a6-4765-a5aa-a04e92ae9251,pitch-labs-for-entrepreneurs-fairfax-fdec-82844d61,location,"Fairfax City Economic Development, 10300 Eaton Pl, Fairfax, VA, us","Fairfax City Economic Development, 10300 Eaton Pl, Fairfax, VA, Fairfax, VA, us",https://www.meetup.com/pitch-labs/events/314748564/,Event JSON-LD,1.0,True,needs_review
11e1135b-81a6-4765-a5aa-a04e92ae9251,pitch-labs-for-entrepreneurs-fairfax-fdec-82844d61,image_url,https://codecollective.us/event_images/Pitch_Labs_for_Entrepreneurs_Fairfax_FDEC.webp,https://secure-content.meetupstatic.com/images/classic-events/513876441/676x676.jpg,https://www.meetup.com/pitch-labs/events/314748564/,Event JSON-LD,1.0,True,needs_review
5ba6a15d-6b99-4892-b3b2-1723b72f43b7,market-pulse-pitch-medtech-6e870eb6,starts_at,2026-05-12T21:00:00+00:00,2026-05-12T17:00:00-04:00,https://www.eventbrite.com/e/market-pulse-pitch-medtech-tickets-1986902495851,Event JSON-LD,1.0,True,needs_review
5ba6a15d-6b99-4892-b3b2-1723b72f43b7,market-pulse-pitch-medtech-6e870eb6,ends_at,2026-05-12T17:00:00-04:00,2026-05-12T20:00:00-04:00,https://www.eventbrite.com/e/market-pulse-pitch-medtech-tickets-1986902495851,Event JSON-LD,1.0,True,needs_review
5ba6a15d-6b99-4892-b3b2-1723b72f43b7,market-pulse-pitch-medtech-6e870eb6,location,"Maryland Innovation Center, 6751 Columbia Gateway Drive, Columbia, MD 21046, Columbia, MD, 21046, US","Maryland Innovation Center, 6751 Columbia Gateway Drive, Columbia, MD 21046, Columbia, MD, US",https://www.eventbrite.com/e/market-pulse-pitch-medtech-tickets-1986902495851,Event JSON-LD,1.0,True,needs_review
5ba6a15d-6b99-4892-b3b2-1723b72f43b7,market-pulse-pitch-medtech-6e870eb6,image_url,https://codecollective.us/event_images/Market_Pulse_Pitch_MedTech.webp,https://img.evbuc.com/https%3A%2F%2Fcdn.evbuc.com%2Fimages%2F1182814814%2F1954746326533%2F1%2Foriginal.20260422-195617?crop=focalpoint&fit=crop&w=940&auto=format%2Ccompress&q=75&sharp=10&fp-x=0.019&fp-y=0.316&s=425c752791118f247bd2a225ad2399dc,https://www.eventbrite.com/e/market-pulse-pitch-medtech-tickets-1986902495851,Event JSON-LD,1.0,True,needs_review
e65a7836-1b68-48d2-9e33-b1fa497a0c25,maryland-new-venture-pitch-night-2026-e08e7868,starts_at,2026-05-11T21:00:00+00:00,2026-05-11T17:00:00-04:00,https://bwtech.umbc.edu/event/maryland-new-venture-pitch-night-2026/,Event JSON-LD,1.0,True,needs_review
e65a7836-1b68-48d2-9e33-b1fa497a0c25,maryland-new-venture-pitch-night-2026-e08e7868,host_org_name,,bwtech,https://bwtech.umbc.edu/event/maryland-new-venture-pitch-night-2026/,Event JSON-LD,1.0,True,needs_review
1ec8d376-7cbe-4d32-8c2a-bd2a0222c807,art-of-the-pitch-the-foundry-the-palava-hut-ee05c073,starts_at,2026-05-08T19:30:00+00:00,2026-05-08T15:30:00.000-04:00,https://lu.ma/thmdtf34,Event JSON-LD,1.0,True,needs_review
1ec8d376-7cbe-4d32-8c2a-bd2a0222c807,art-of-the-pitch-the-foundry-the-palava-hut-ee05c073,ends_at,2026-05-08T20:15:00.000Z,2026-05-08T16:15:00.000-04:00,https://lu.ma/thmdtf34,Event JSON-LD,1.0,True,needs_review
1ec8d376-7cbe-4d32-8c2a-bd2a0222c807,art-of-the-pitch-the-foundry-the-palava-hut-ee05c073,location,"2929 Arch St suite 250, 2929 Arch St suite 250, Philadelphia, PA 19104, USA, Philadelphia, Pennsylvania, United States","2929 Arch St suite 250, 2929 Arch St suite 250, Philadelphia, Pennsylvania, US",https://lu.ma/thmdtf34,Event JSON-LD,1.0,True,needs_review
1ec8d376-7cbe-4d32-8c2a-bd2a0222c807,art-of-the-pitch-the-foundry-the-palava-hut-ee05c073,image_url,https://codecollective.us/event_images/Art_of_the_Pitch_The_Foundry_The_Palava_Hut.webp,"https://images.lumacdn.com/cdn-cgi/image/format=auto,fit=cover,dpr=1,anim=false,background=white,quality=75,width=1920,height=1920/uploads/fy/a6341516-dd2e-4481-9b17-7e282d28e007.jpg",https://lu.ma/thmdtf34,Event JSON-LD,1.0,True,needs_review
1ec8d376-7cbe-4d32-8c2a-bd2a0222c807,art-of-the-pitch-the-foundry-the-palava-hut-ee05c073,host_org_name,Luma User k0oO7FswDxbAWh0,Rohith U Bandi,https://lu.ma/thmdtf34,Event JSON-LD,1.0,True,needs_review
747ee3f6-19b2-4519-a967-7a1549717303,spark-s-startup-social-a4384228,starts_at,2026-05-07T21:30:00+00:00,2026-05-07T17:30:00-04:00,https://spark-baltimore.cobot.me/event/2026-05-07-spark-s-startup-social-how-to-get-paid-3f28a77864c93dc13cfea0232203f569,Event JSON-LD,0.733,True,needs_review
747ee3f6-19b2-4519-a967-7a1549717303,spark-s-startup-social-a4384228,ends_at,2026-05-07T20:00:00-0400,2026-05-07T20:00:00-04:00,https://spark-baltimore.cobot.me/event/2026-05-07-spark-s-startup-social-how-to-get-paid-3f28a77864c93dc13cfea0232203f569,Event JSON-LD,0.733,True,needs_review
747ee3f6-19b2-4519-a967-7a1549717303,spark-s-startup-social-a4384228,location,"Spark Coworking Baltimore 8 Market Place, Baltimore, MD 21202, Baltimore, MD","Spark Baltimore, Spark Coworking in Power Plant Live!, Baltimore, MD, 21202, US",https://spark-baltimore.cobot.me/event/2026-05-07-spark-s-startup-social-how-to-get-paid-3f28a77864c93dc13cfea0232203f569,Event JSON-LD,0.733,True,needs_review
747ee3f6-19b2-4519-a967-7a1549717303,spark-s-startup-social-a4384228,image_url,https://codecollective.us/event_images/Sparks_Startup_Social.webp,https://images.cobot.me/uploads/events/event/image/3f28a77864c93dc13cfea0232203f569/default_ddf22f5e-1ca4-4596-b537-fa5f38927450.png?Expires=1791139431&Signature=ZmbOkh9jhNZePxM4-L5mrPd8a-xOOsU-PU7V0gPb83cKMv4OihEi~zeTnZuoBJVIAjtPvPIchlPP~xcg5NC9nsf3DIzUbqzpnyoDuqJ6U5wO7tikv8Oitmkv0tRA5xnTbdH959JXCEoloMj2m9BChY7YnDmlNhFgAi1fxqKClFqmAI0sL1PBLB8b0fXJ8HDQpweWucj6RKoCKOCoGeQIVqG9dYvz35ems8lMV64nJVbe7gEEJwR--37SvEXpRZNwQAqq84RmvEMYHYgosVP-Wwy3E~VE7qktfQKhOTj8WFA-i~E8ye7j2qB~GTy0Wxkg-vejhCgfubFloWun0cbS9A__&Key-Pair-Id=K1ZBN7P7O3WJNS,https://spark-baltimore.cobot.me/event/2026-05-07-spark-s-startup-social-how-to-get-paid-3f28a77864c93dc13cfea0232203f569,Event JSON-LD,0.733,True,needs_review
747ee3f6-19b2-4519-a967-7a1549717303,spark-s-startup-social-a4384228,host_org_name,,Spark Baltimore,https://spark-baltimore.cobot.me/event/2026-05-07-spark-s-startup-social-how-to-get-paid-3f28a77864c93dc13cfea0232203f569,Event JSON-LD,0.733,True,needs_review
9007c656-ae6c-4794-8fe1-ff3b10fadf08,ubalt-s-14th-annual-rise-to-the-challenge-2026-business-pitch-competition-3d597e,starts_at,2026-05-06T21:30:00+00:00,2026-05-06T17:30:00-04:00,https://www.eventbrite.com/e/ubalts-14th-annual-rise-to-the-challenge-2026-business-pitch-competition-tickets-1980127142587,Event JSON-LD,1.0,True,needs_review
9007c656-ae6c-4794-8fe1-ff3b10fadf08,ubalt-s-14th-annual-rise-to-the-challenge-2026-business-pitch-competition-3d597e,ends_at,2026-05-06T17:30:00-04:00,2026-05-06T20:00:00-04:00,https://www.eventbrite.com/e/ubalts-14th-annual-rise-to-the-challenge-2026-business-pitch-competition-tickets-1980127142587,Event JSON-LD,1.0,True,needs_review
9007c656-ae6c-4794-8fe1-ff3b10fadf08,ubalt-s-14th-annual-rise-to-the-challenge-2026-business-pitch-competition-3d597e,location,"21 W Mt Royal Ave, 21 West Mount Royal Avenue, Baltimore, MD 21201, Baltimore, MD, 21201, US","21 W Mt Royal Ave, 21 West Mount Royal Avenue, Baltimore, MD 21201, Baltimore, MD, US",https://www.eventbrite.com/e/ubalts-14th-annual-rise-to-the-challenge-2026-business-pitch-competition-tickets-1980127142587,Event JSON-LD,1.0,True,needs_review
9007c656-ae6c-4794-8fe1-ff3b10fadf08,ubalt-s-14th-annual-rise-to-the-challenge-2026-business-pitch-competition-3d597e,image_url,https://codecollective.us/event_images/UBalts_14th_Annual_Rise_to_the_Challenge_2026_Business_Pitch_Competition.webp,https://img.evbuc.com/https%3A%2F%2Fcdn.evbuc.com%2Fimages%2F1174346132%2F566331480019%2F1%2Foriginal.20260108-200522?crop=focalpoint&fit=crop&w=940&auto=format%2Ccompress&q=75&sharp=10&fp-x=0.5&fp-y=0.5&s=97c7721bf1d40636fe91978731c8fdc7,https://www.eventbrite.com/e/ubalts-14th-annual-rise-to-the-challenge-2026-business-pitch-competition-tickets-1980127142587,Event JSON-LD,1.0,True,needs_review
9007c656-ae6c-4794-8fe1-ff3b10fadf08,ubalt-s-14th-annual-rise-to-the-challenge-2026-business-pitch-competition-3d597e,host_org_name,Center for Entrepreneurship and Innovation,The Center for Entrepreneurship and Innovation,https://www.eventbrite.com/e/ubalts-14th-annual-rise-to-the-challenge-2026-business-pitch-competition-tickets-1980127142587,Event JSON-LD,1.0,True,needs_review
d03723d1-b4ef-4146-a555-b381bdba00e3,startup-accelerator-showcase-2026-f0beb619,starts_at,2026-05-06T21:00:00+00:00,2026-05-06T17:00:00-04:00,https://bwtech.umbc.edu/event/startup-accelerator-showcase-2026/,Event JSON-LD,1.0,True,needs_review
d03723d1-b4ef-4146-a555-b381bdba00e3,startup-accelerator-showcase-2026-f0beb619,host_org_name,,bwtech,https://bwtech.umbc.edu/event/startup-accelerator-showcase-2026/,Event JSON-LD,1.0,True,needs_review
3946acae-8faa-44d1-b19c-bdf804480c8d,climatetech-pitch-party-591e150a,starts_at,2026-05-06T18:30:00+00:00,2026-05-06T14:30:00.000-04:00,https://luma.com/e275hjqk,Event JSON-LD,1.0,True,needs_review
3946acae-8faa-44d1-b19c-bdf804480c8d,climatetech-pitch-party-591e150a,ends_at,2026-05-06T20:30:00.000Z,2026-05-06T16:30:00.000-04:00,https://luma.com/e275hjqk,Event JSON-LD,1.0,True,needs_review
3946acae-8faa-44d1-b19c-bdf804480c8d,climatetech-pitch-party-591e150a,location,"Greentown Labs, Greentown Labs, 444 Somerville Ave, Somerville, MA 02143, USA","Greentown Labs, Greentown Labs, Somerville, Massachusetts, US",https://luma.com/e275hjqk,Event JSON-LD,1.0,True,needs_review
3946acae-8faa-44d1-b19c-bdf804480c8d,climatetech-pitch-party-591e150a,image_url,https://codecollective.us/event_images/Climatetech_Pitch_Party.webp,"https://images.lumacdn.com/cdn-cgi/image/format=auto,fit=cover,dpr=1,anim=false,background=white,quality=75,width=1920,height=1920/event-covers/o1/9d2f2f99-446f-4140-af79-8ffd7bc1568b.png",https://luma.com/e275hjqk,Event JSON-LD,1.0,True,needs_review
3946acae-8faa-44d1-b19c-bdf804480c8d,climatetech-pitch-party-591e150a,host_org_name,Climate Draft Community,Greentown Labs,https://luma.com/e275hjqk,Event JSON-LD,1.0,True,needs_review
73866343-fb72-4bec-ac81-69f120c4e878,hoco-higher-ceo-accelerator-45d04cb6,starts_at,2026-05-05T12:00:00+00:00,2026-05-05T08:00:00-04:00,https://www.eventbrite.com/e/hoco-higher-ceo-accelerator-tickets-1986663220171,Event JSON-LD,1.0,True,needs_review
73866343-fb72-4bec-ac81-69f120c4e878,hoco-higher-ceo-accelerator-45d04cb6,ends_at,2026-05-05T08:00:00-04:00,2026-05-05T17:00:00-04:00,https://www.eventbrite.com/e/hoco-higher-ceo-accelerator-tickets-1986663220171,Event JSON-LD,1.0,True,needs_review
73866343-fb72-4bec-ac81-69f120c4e878,hoco-higher-ceo-accelerator-45d04cb6,location,"Maryland Innovation Center, 6751 Columbia Gateway Drive, Columbia, MD 21046, Columbia, MD, 21046, US","Maryland Innovation Center, 6751 Columbia Gateway Drive, Columbia, MD 21046, Columbia, MD, US",https://www.eventbrite.com/e/hoco-higher-ceo-accelerator-tickets-1986663220171,Event JSON-LD,1.0,True,needs_review
73866343-fb72-4bec-ac81-69f120c4e878,hoco-higher-ceo-accelerator-45d04cb6,image_url,https://codecollective.us/event_images/HoCo_Higher_CEO_Accelerator.webp,https://img.evbuc.com/https%3A%2F%2Fcdn.evbuc.com%2Fimages%2F1181507809%2F2595914680151%2F1%2Foriginal.20260406-150644?crop=focalpoint&fit=crop&w=940&auto=format%2Ccompress&q=75&sharp=10&fp-x=0.011&fp-y=0.06&s=347885fa0721999f8022914e419bc915,https://www.eventbrite.com/e/hoco-higher-ceo-accelerator-tickets-1986663220171,Event JSON-LD,1.0,True,needs_review
e4294499-1ecd-4aae-86e9-bdf946408c8a,takia-ross-so-you-want-to-pitch-91e242c6,starts_at,2026-04-23T12:00:00-04:00,2026-04-22T12:00:00-04:00,https://www.eventbrite.com/e/takia-ross-so-you-want-to-pitch-tickets-1987021117652,Event JSON-LD,1.0,False,needs_date_or_identity_review
e4294499-1ecd-4aae-86e9-bdf946408c8a,takia-ross-so-you-want-to-pitch-91e242c6,ends_at,2026-04-23T13:00:00-0400,2026-04-22T13:00:00-04:00,https://www.eventbrite.com/e/takia-ross-so-you-want-to-pitch-tickets-1987021117652,Event JSON-LD,1.0,False,needs_date_or_identity_review
e4294499-1ecd-4aae-86e9-bdf946408c8a,takia-ross-so-you-want-to-pitch-91e242c6,location,"Merrick School of Business room BC-104, 11 W. Mt. Royal Ave, Baltimore, MD, 21202","Merrick School of Business room BC-104, 11 W. Mt. Royal Ave, Baltimore, MD 21202, Baltimore, MD, US",https://www.eventbrite.com/e/takia-ross-so-you-want-to-pitch-tickets-1987021117652,Event JSON-LD,1.0,False,needs_date_or_identity_review
e4294499-1ecd-4aae-86e9-bdf946408c8a,takia-ross-so-you-want-to-pitch-91e242c6,image_url,https://codecollective.us/event_images/Takia_Ross_So_You_Want_to_Pitch.webp,https://img.evbuc.com/https%3A%2F%2Fcdn.evbuc.com%2Fimages%2F1182075650%2F566331480019%2F1%2Foriginal.20260413-203744?crop=focalpoint&fit=crop&w=940&auto=format%2Ccompress&q=75&sharp=10&fp-x=0.469&fp-y=0.119&s=b1558a526a8de928574f064ce0eb815d,https://www.eventbrite.com/e/takia-ross-so-you-want-to-pitch-tickets-1987021117652,Event JSON-LD,1.0,False,needs_date_or_identity_review
e4294499-1ecd-4aae-86e9-bdf946408c8a,takia-ross-so-you-want-to-pitch-91e242c6,host_org_name,Center for Entrepreneurship and Innovation,The Center for Entrepreneurship and Innovation,https://www.eventbrite.com/e/takia-ross-so-you-want-to-pitch-tickets-1987021117652,Event JSON-LD,1.0,False,needs_date_or_identity_review
71e5adc4-6666-4045-ac23-2444d3d0bd23,takia-ross-so-you-want-to-pitch-a0968f44,ends_at,2026-04-22T13:00:00-0400,2026-04-22T13:00:00-04:00,https://www.eventbrite.com/e/takia-ross-so-you-want-to-pitch-tickets-1987021117652,Event JSON-LD,1.0,True,needs_review
71e5adc4-6666-4045-ac23-2444d3d0bd23,takia-ross-so-you-want-to-pitch-a0968f44,location,"Merrick School of Business room BC-104, 11 W. Mt. Royal Ave, Baltimore, MD, 21202","Merrick School of Business room BC-104, 11 W. Mt. Royal Ave, Baltimore, MD 21202, Baltimore, MD, US",https://www.eventbrite.com/e/takia-ross-so-you-want-to-pitch-tickets-1987021117652,Event JSON-LD,1.0,True,needs_review
71e5adc4-6666-4045-ac23-2444d3d0bd23,takia-ross-so-you-want-to-pitch-a0968f44,image_url,https://codecollective.us/event_images/Takia_Ross_So_You_Want_to_Pitch.webp,https://img.evbuc.com/https%3A%2F%2Fcdn.evbuc.com%2Fimages%2F1182075650%2F566331480019%2F1%2Foriginal.20260413-203744?crop=focalpoint&fit=crop&w=940&auto=format%2Ccompress&q=75&sharp=10&fp-x=0.469&fp-y=0.119&s=b1558a526a8de928574f064ce0eb815d,https://www.eventbrite.com/e/takia-ross-so-you-want-to-pitch-tickets-1987021117652,Event JSON-LD,1.0,True,needs_review
71e5adc4-6666-4045-ac23-2444d3d0bd23,takia-ross-so-you-want-to-pitch-a0968f44,host_org_name,Center for Entrepreneurship and Innovation,The Center for Entrepreneurship and Innovation,https://www.eventbrite.com/e/takia-ross-so-you-want-to-pitch-tickets-1987021117652,Event JSON-LD,1.0,True,needs_review
c4fe69a4-9a3f-4350-98b8-258f8d16402e,start-up-zone-connect-and-pitch-dfb70109,starts_at,2026-04-22T08:30:00-04:00,2026-06-03,https://members.mdtechcouncil.com/eventcalendar/Details/start-up-zone-connect-and-pitch-1663331?sourceTypeId=Website,Event JSON-LD,1.0,False,needs_date_or_identity_review
c4fe69a4-9a3f-4350-98b8-258f8d16402e,start-up-zone-connect-and-pitch-dfb70109,ends_at,2026-04-22T11:30:00-04:00,2026-06-03,https://members.mdtechcouncil.com/eventcalendar/Details/start-up-zone-connect-and-pitch-1663331?sourceTypeId=Website,Event JSON-LD,1.0,False,needs_date_or_identity_review
c4fe69a4-9a3f-4350-98b8-258f8d16402e,start-up-zone-connect-and-pitch-dfb70109,host_org_name,members.mdtechcouncil.com,Amy Speck,https://members.mdtechcouncil.com/eventcalendar/Details/start-up-zone-connect-and-pitch-1663331?sourceTypeId=Website,Event JSON-LD,1.0,False,needs_date_or_identity_review
79f73ce7-9093-4d53-9ede-82ad9256a8c3,hoco-higher-accelerator-fast-track-active-cohort-d960bd12,starts_at,2026-04-21T17:30:00-04:00,2026-04-22T17:30:00-04:00,https://www.eventbrite.com/e/hoco-higher-accelerator-fast-track-active-cohort-tickets-1987536285533,Event JSON-LD,1.0,False,needs_date_or_identity_review
79f73ce7-9093-4d53-9ede-82ad9256a8c3,hoco-higher-accelerator-fast-track-active-cohort-d960bd12,ends_at,2026-04-21T20:00:00-0400,2026-04-22T20:00:00-04:00,https://www.eventbrite.com/e/hoco-higher-accelerator-fast-track-active-cohort-tickets-1987536285533,Event JSON-LD,1.0,False,needs_date_or_identity_review
79f73ce7-9093-4d53-9ede-82ad9256a8c3,hoco-higher-accelerator-fast-track-active-cohort-d960bd12,location,"Maryland Innovation Center, 6751 Columbia Gateway Drive, Columbia, MD, 21046","Maryland Innovation Center, 6751 Columbia Gateway Drive, Columbia, MD 21046, Columbia, MD, US",https://www.eventbrite.com/e/hoco-higher-accelerator-fast-track-active-cohort-tickets-1987536285533,Event JSON-LD,1.0,False,needs_date_or_identity_review
79f73ce7-9093-4d53-9ede-82ad9256a8c3,hoco-higher-accelerator-fast-track-active-cohort-d960bd12,image_url,https://codecollective.us/event_images/HoCo_Higher_Accelerator_Fast_Track_Active_Cohort.webp,https://img.evbuc.com/https%3A%2F%2Fcdn.evbuc.com%2Fimages%2F1171740046%2F2595914680151%2F1%2Foriginal.20251125-172557?crop=focalpoint&fit=crop&w=940&auto=format%2Ccompress&q=75&sharp=10&fp-x=0.5&fp-y=0.5&s=26f621249f3170ebe365bcd5f610893f,https://www.eventbrite.com/e/hoco-higher-accelerator-fast-track-active-cohort-tickets-1987536285533,Event JSON-LD,1.0,False,needs_date_or_identity_review
ffe9e236-773b-4834-ae7c-2fd988607fb0,meia-demo-day-05443fda,starts_at,2026-04-21T16:00:00-04:00,2026-04-21T16:00:00.000-04:00,https://luma.com/tox0c6un,Event JSON-LD,1.0,True,needs_review
ffe9e236-773b-4834-ae7c-2fd988607fb0,meia-demo-day-05443fda,location,"Adele H. Stamp Student Union, Adele H. Stamp Student Union, College Park, Maryland","Adele H. Stamp Student Union, Adele H. Stamp Student Union, College Park, Maryland, US",https://luma.com/tox0c6un,Event JSON-LD,1.0,True,needs_review
ffe9e236-773b-4834-ae7c-2fd988607fb0,meia-demo-day-05443fda,image_url,https://codecollective.us/event_images/MEIA_Demo_Day.webp,"https://images.lumacdn.com/cdn-cgi/image/format=auto,fit=cover,dpr=1,anim=false,background=white,quality=75,width=1920,height=1920/event-covers/mp/08ef1773-c491-4c3b-8cd6-ef6be90f3b9b.jpg",https://luma.com/tox0c6un,Event JSON-LD,1.0,True,needs_review
ffe9e236-773b-4834-ae7c-2fd988607fb0,meia-demo-day-05443fda,host_org_name,MEIA,Maryland Energy Innovation Accelerator,https://luma.com/tox0c6un,Event JSON-LD,1.0,True,needs_review
3e09720e-4d22-4829-9375-fbc812b76d4b,lynda-katz-wilner-make-your-pitch-stand-out-50e654a0,ends_at,2026-04-21T13:00:00-0400,2026-04-21T13:00:00-04:00,https://www.eventbrite.com/e/lynda-katz-wilner-make-your-pitch-stand-out-tickets-1987021595080,Event JSON-LD,1.0,True,needs_review
3e09720e-4d22-4829-9375-fbc812b76d4b,lynda-katz-wilner-make-your-pitch-stand-out-50e654a0,image_url,https://codecollective.us/event_images/Lynda_Katz_Wilner_Make_Your_Pitch_Stand_Out.webp,https://img.evbuc.com/https%3A%2F%2Fcdn.evbuc.com%2Fimages%2F1181785194%2F566331480019%2F1%2Foriginal.20260409-143140?crop=focalpoint&fit=crop&w=940&auto=format%2Ccompress&q=75&sharp=10&fp-x=0.492&fp-y=0.14&s=d9e598579e1cccc4f337cd2cd811a969,https://www.eventbrite.com/e/lynda-katz-wilner-make-your-pitch-stand-out-tickets-1987021595080,Event JSON-LD,1.0,True,needs_review
3e09720e-4d22-4829-9375-fbc812b76d4b,lynda-katz-wilner-make-your-pitch-stand-out-50e654a0,host_org_name,Center for Entrepreneurship and Innovation,The Center for Entrepreneurship and Innovation,https://www.eventbrite.com/e/lynda-katz-wilner-make-your-pitch-stand-out-tickets-1987021595080,Event JSON-LD,1.0,True,needs_review
b0107ddc-9e33-4989-87bb-5b08eeb54339,2026-cangialosi-business-innovation-competition-d0743c16,host_org_name,,Alex. Brown Center for Innovation and Entrepreneurship at UMBC,https://bwtech.umbc.edu/event/2026-cangialosi-business-innovation-competition/,Event JSON-LD,1.0,True,needs_review
f9b05211-51dd-4290-9005-b8766b8bd589,pitch-labs-for-entrepreneurs-startup-shell-fdeb8b91,location,"Startup Shell, 4462 Stadium Dr, College Park, MD, us","Startup Shell, 4462 Stadium Dr, College Park, MD, College Park, MD, us",https://www.meetup.com/pitch-labs/events/314077533/,Event JSON-LD,1.0,True,needs_review
f9b05211-51dd-4290-9005-b8766b8bd589,pitch-labs-for-entrepreneurs-startup-shell-fdeb8b91,image_url,https://codecollective.us/event_images/Pitch_Labs_for_Entrepreneurs_Startup_Shell.webp,https://secure-content.meetupstatic.com/images/classic-events/513876441/676x676.jpg,https://www.meetup.com/pitch-labs/events/314077533/,Event JSON-LD,1.0,True,needs_review
e0e10477-8bf9-4504-b30b-2151691dd22d,hoco-higher-accelerator-fast-track-0903e020,ends_at,2026-04-14T20:00:00-0400,2026-04-14T20:00:00-04:00,https://www.eventbrite.com/e/hoco-higher-accelerator-fast-track-tickets-1974977395555,Event JSON-LD,1.0,True,needs_review
e0e10477-8bf9-4504-b30b-2151691dd22d,hoco-higher-accelerator-fast-track-0903e020,location,"Maryland Innovation Center, 6751 Columbia Gateway Drive, Columbia, MD, 21046","Maryland Innovation Center, 6751 Columbia Gateway Drive, Columbia, MD 21046, Columbia, MD, US",https://www.eventbrite.com/e/hoco-higher-accelerator-fast-track-tickets-1974977395555,Event JSON-LD,1.0,True,needs_review
e0e10477-8bf9-4504-b30b-2151691dd22d,hoco-higher-accelerator-fast-track-0903e020,image_url,https://codecollective.us/event_images/HoCo_Higher_Accelerator_Fast_Track.webp,https://img.evbuc.com/https%3A%2F%2Fcdn.evbuc.com%2Fimages%2F1171740046%2F2595914680151%2F1%2Foriginal.20251125-172557?crop=focalpoint&fit=crop&w=940&auto=format%2Ccompress&q=75&sharp=10&fp-x=0.5&fp-y=0.5&s=26f621249f3170ebe365bcd5f610893f,https://www.eventbrite.com/e/hoco-higher-accelerator-fast-track-tickets-1974977395555,Event JSON-LD,1.0,True,needs_review
eabd922e-c6e9-45bf-bcd4-5ffa47d78230,hoco-higher-accelerator-fast-track-603fd962,starts_at,2026-04-07T17:30:00-04:00,2026-04-14T17:30:00-04:00,https://www.eventbrite.com/e/hoco-higher-accelerator-fast-track-tickets-1974977395555,Event JSON-LD,1.0,False,needs_date_or_identity_review
eabd922e-c6e9-45bf-bcd4-5ffa47d78230,hoco-higher-accelerator-fast-track-603fd962,ends_at,2026-04-07T20:00:00-0400,2026-04-14T20:00:00-04:00,https://www.eventbrite.com/e/hoco-higher-accelerator-fast-track-tickets-1974977395555,Event JSON-LD,1.0,False,needs_date_or_identity_review
eabd922e-c6e9-45bf-bcd4-5ffa47d78230,hoco-higher-accelerator-fast-track-603fd962,location,"Maryland Innovation Center, 6751 Columbia Gateway Drive, Columbia, MD, 21046","Maryland Innovation Center, 6751 Columbia Gateway Drive, Columbia, MD 21046, Columbia, MD, US",https://www.eventbrite.com/e/hoco-higher-accelerator-fast-track-tickets-1974977395555,Event JSON-LD,1.0,False,needs_date_or_identity_review
eabd922e-c6e9-45bf-bcd4-5ffa47d78230,hoco-higher-accelerator-fast-track-603fd962,image_url,https://codecollective.us/event_images/HoCo_Higher_Accelerator_Fast_Track.webp,https://img.evbuc.com/https%3A%2F%2Fcdn.evbuc.com%2Fimages%2F1171740046%2F2595914680151%2F1%2Foriginal.20251125-172557?crop=focalpoint&fit=crop&w=940&auto=format%2Ccompress&q=75&sharp=10&fp-x=0.5&fp-y=0.5&s=26f621249f3170ebe365bcd5f610893f,https://www.eventbrite.com/e/hoco-higher-accelerator-fast-track-tickets-1974977395555,Event JSON-LD,1.0,False,needs_date_or_identity_review
ae9b6ff9-085e-45b1-8323-eef2a6c166c4,pitch-and-mingle-series-the-lucky-pitch-f377e981,ends_at,2026-03-26T20:00:00-0400,2026-03-26T20:00:00-04:00,https://www.eventbrite.com/e/pitch-and-mingle-series-the-lucky-pitch-tickets-1975288324552,Event JSON-LD,0.675,True,needs_review
ae9b6ff9-085e-45b1-8323-eef2a6c166c4,pitch-and-mingle-series-the-lucky-pitch-f377e981,location,"Maryland Innovation Center, 6751 Columbia Gateway Drive, Columbia, MD, 21046","Maryland Innovation Center, 6751 Columbia Gateway Drive, 1st Floor, Columbia, MD 21046, Columbia, MD, US",https://www.eventbrite.com/e/pitch-and-mingle-series-the-lucky-pitch-tickets-1975288324552,Event JSON-LD,0.675,True,needs_review
ae9b6ff9-085e-45b1-8323-eef2a6c166c4,pitch-and-mingle-series-the-lucky-pitch-f377e981,image_url,https://codecollective.us/event_images/Pitch_and_Mingle_Series__The_Lucky_Pitch.webp,https://img.evbuc.com/https%3A%2F%2Fcdn.evbuc.com%2Fimages%2F1179793002%2F1725673744993%2F1%2Foriginal.20260313-170416?crop=focalpoint&fit=crop&w=940&auto=format%2Ccompress&q=75&sharp=10&fp-x=0.5&fp-y=0.5&s=5e925c91f9a0278cef576802f58dd0c3,https://www.eventbrite.com/e/pitch-and-mingle-series-the-lucky-pitch-tickets-1975288324552,Event JSON-LD,0.675,True,needs_review
ae9b6ff9-085e-45b1-8323-eef2a6c166c4,pitch-and-mingle-series-the-lucky-pitch-f377e981,host_org_name,,Howard County Economic Development Authority,https://www.eventbrite.com/e/pitch-and-mingle-series-the-lucky-pitch-tickets-1975288324552,Event JSON-LD,0.675,True,needs_review
2101891a-472f-4873-a3d1-caa33a951725,pitch-and-mingle-series-investor-showcase-7d63581f,ends_at,2026-03-26T20:00:00-0400,2026-03-26T20:00:00-04:00,https://www.eventbrite.com/e/pitch-and-mingle-series-investor-showcase-tickets-1975288324552,Event JSON-LD,1.0,True,needs_review
2101891a-472f-4873-a3d1-caa33a951725,pitch-and-mingle-series-investor-showcase-7d63581f,location,"Maryland Innovation Center, 6751 Columbia Gateway Drive, Columbia, MD, 21046","Maryland Innovation Center, 6751 Columbia Gateway Drive, 1st Floor, Columbia, MD 21046, Columbia, MD, US",https://www.eventbrite.com/e/pitch-and-mingle-series-investor-showcase-tickets-1975288324552,Event JSON-LD,1.0,True,needs_review
2101891a-472f-4873-a3d1-caa33a951725,pitch-and-mingle-series-investor-showcase-7d63581f,image_url,https://codecollective.us/event_images/Pitch_and_Mingle_Series_Investor_Showcase.webp,https://img.evbuc.com/https%3A%2F%2Fcdn.evbuc.com%2Fimages%2F1179793002%2F1725673744993%2F1%2Foriginal.20260313-170416?crop=focalpoint&fit=crop&w=940&auto=format%2Ccompress&q=75&sharp=10&fp-x=0.5&fp-y=0.5&s=5e925c91f9a0278cef576802f58dd0c3,https://www.eventbrite.com/e/pitch-and-mingle-series-investor-showcase-tickets-1975288324552,Event JSON-LD,1.0,True,needs_review
49752e8c-9ed3-4943-8a82-6d19c913e3fd,hoco-higher-ceo-accelerator-b007642e,ends_at,2026-03-18T17:00:00-0400,2026-03-18T17:00:00-04:00,https://www.eventbrite.com/e/hoco-higher-ceo-accelerator-tickets-1982715925707,Event JSON-LD,1.0,True,needs_review
49752e8c-9ed3-4943-8a82-6d19c913e3fd,hoco-higher-ceo-accelerator-b007642e,location,"Maryland Innovation Center, 6751 Columbia Gateway Drive, Columbia, MD, 21046","Maryland Innovation Center, 6751 Columbia Gateway Drive, Columbia, MD 21046, Columbia, MD, US",https://www.eventbrite.com/e/hoco-higher-ceo-accelerator-tickets-1982715925707,Event JSON-LD,1.0,True,needs_review
49752e8c-9ed3-4943-8a82-6d19c913e3fd,hoco-higher-ceo-accelerator-b007642e,image_url,https://codecollective.us/event_images/HoCo_Higher_CEO_Accelerator.webp,https://img.evbuc.com/https%3A%2F%2Fcdn.evbuc.com%2Fimages%2F1177385294%2F2595914680151%2F1%2Foriginal.20260212-160912?crop=focalpoint&fit=crop&w=940&auto=format%2Ccompress&q=75&sharp=10&fp-x=0.5&fp-y=0.5&s=dd49563c6b8aa484d8c93072e98259bf,https://www.eventbrite.com/e/hoco-higher-ceo-accelerator-tickets-1982715925707,Event JSON-LD,1.0,True,needs_review
51b4c936-9cc1-43e0-9947-6532a001b407,ubalt-ai-enabled-business-accelerator-demo-day-647c74ec,ends_at,2026-03-17T20:00:00-0400,2026-03-17T20:00:00-04:00,https://www.eventbrite.com/e/ubalt-ai-enabled-business-accelerator-demo-day-tickets-1982407306619,Event JSON-LD,1.0,True,needs_review
51b4c936-9cc1-43e0-9947-6532a001b407,ubalt-ai-enabled-business-accelerator-demo-day-647c74ec,location,"21 W Mt Royal Ave, 21 West Mount Royal Avenue, Baltimore, MD, 21201","21 W Mt Royal Ave, 21 West Mount Royal Avenue, Baltimore, MD 21201, Baltimore, MD, US",https://www.eventbrite.com/e/ubalt-ai-enabled-business-accelerator-demo-day-tickets-1982407306619,Event JSON-LD,1.0,True,needs_review
51b4c936-9cc1-43e0-9947-6532a001b407,ubalt-ai-enabled-business-accelerator-demo-day-647c74ec,image_url,https://codecollective.us/event_images/UBalt_AI_Enabled_Business_Accelerator_Demo_Day.webp,https://img.evbuc.com/https%3A%2F%2Fcdn.evbuc.com%2Fimages%2F1176805746%2F566331480019%2F1%2Foriginal.20260205-185139?crop=focalpoint&fit=crop&w=940&auto=format%2Ccompress&q=75&sharp=10&fp-x=0.5&fp-y=0.5&s=b69ae954caf8a1235570586a34f7a673,https://www.eventbrite.com/e/ubalt-ai-enabled-business-accelerator-demo-day-tickets-1982407306619,Event JSON-LD,1.0,True,needs_review
51b4c936-9cc1-43e0-9947-6532a001b407,ubalt-ai-enabled-business-accelerator-demo-day-647c74ec,host_org_name,Center for Entrepreneurship and Innovation,The Center for Entrepreneurship and Innovation,https://www.eventbrite.com/e/ubalt-ai-enabled-business-accelerator-demo-day-tickets-1982407306619,Event JSON-LD,1.0,True,needs_review
4dae0868-5591-4882-b905-450ed78e7cc1,pitch-labs-for-entrepreneurs-350d5956,location,"401 N Washington St., 401 N Washington St., Rockville, MD, us","401 N Washington St., 401 N Washington St., Rockville, MD, Rockville, MD, us",https://www.meetup.com/pitch-labs/events/313316282/,Event JSON-LD,1.0,True,needs_review
4dae0868-5591-4882-b905-450ed78e7cc1,pitch-labs-for-entrepreneurs-350d5956,image_url,https://codecollective.us/event_images/Pitch_Labs_for_Entrepreneurs.webp,https://secure-content.meetupstatic.com/images/classic-events/513876441/676x676.jpg,https://www.meetup.com/pitch-labs/events/313316282/,Event JSON-LD,1.0,True,needs_review
4dae0868-5591-4882-b905-450ed78e7cc1,pitch-labs-for-entrepreneurs-350d5956,host_org_name,,Pitch Labs,https://www.meetup.com/pitch-labs/events/313316282/,Event JSON-LD,1.0,True,needs_review
8ad45ba1-bd76-478e-b016-a282e6373833,mtc-crc-chesapitch-8d4fa1ae,starts_at,2026-02-18T15:00:00-04:00,2026-02-18,https://members.mdtechcouncil.com/eventcalendar/Details/mtc-crc-chesapitch-1633520?sourceTypeId=Website,Event JSON-LD,1.0,False,needs_date_or_identity_review
8ad45ba1-bd76-478e-b016-a282e6373833,mtc-crc-chesapitch-8d4fa1ae,ends_at,2026-02-18T17:30:00-04:00,2026-02-18,https://members.mdtechcouncil.com/eventcalendar/Details/mtc-crc-chesapitch-1633520?sourceTypeId=Website,Event JSON-LD,1.0,False,needs_date_or_identity_review
0251f5fa-ce0c-420f-b53d-339831bc9996,cyber-howard-accelerator-cohort-ii-graduation-and-demo-day-5e7e50de,ends_at,2026-01-27T19:00:00-0500,2026-01-27T19:00:00-05:00,https://www.eventbrite.com/e/cyber-howard-accelerator-cohort-ii-graduation-and-demo-day-tickets-1980380758158,Event JSON-LD,1.0,True,needs_review
0251f5fa-ce0c-420f-b53d-339831bc9996,cyber-howard-accelerator-cohort-ii-graduation-and-demo-day-5e7e50de,location,"6751 Columbia Gateway Dr, 6751 Columbia Gateway Drive, Columbia, MD, 21046","6751 Columbia Gateway Dr, 6751 Columbia Gateway Drive, Columbia, MD 21046, Columbia, MD, US",https://www.eventbrite.com/e/cyber-howard-accelerator-cohort-ii-graduation-and-demo-day-tickets-1980380758158,Event JSON-LD,1.0,True,needs_review
0251f5fa-ce0c-420f-b53d-339831bc9996,cyber-howard-accelerator-cohort-ii-graduation-and-demo-day-5e7e50de,image_url,https://codecollective.us/event_images/Cyber_Howard_Accelerator_Cohort_II_Graduation_and_Demo_Day.webp,https://img.evbuc.com/https%3A%2F%2Fcdn.evbuc.com%2Fimages%2F1174727687%2F2153355184353%2F1%2Foriginal.20260113-134519?w=940&auto=format%2Ccompress&q=75&sharp=10&s=010819e2494095a9ba09438ab755da17,https://www.eventbrite.com/e/cyber-howard-accelerator-cohort-ii-graduation-and-demo-day-tickets-1980380758158,Event JSON-LD,1.0,True,needs_review
0251f5fa-ce0c-420f-b53d-339831bc9996,cyber-howard-accelerator-cohort-ii-graduation-and-demo-day-5e7e50de,host_org_name,,Howard County Economic Development Authority,https://www.eventbrite.com/e/cyber-howard-accelerator-cohort-ii-graduation-and-demo-day-tickets-1980380758158,Event JSON-LD,1.0,True,needs_review
58333cb9-0773-4aff-8b7c-806503256e84,brite-pitch-present-series-fe8efb39,ends_at,2026-01-21T19:00:00-0500,2026-01-21T19:00:00-05:00,https://www.eventbrite.com/e/brite-pitch-present-series-tickets-1976460843588,Event JSON-LD,1.0,True,needs_review
58333cb9-0773-4aff-8b7c-806503256e84,brite-pitch-present-series-fe8efb39,location,"Maryland Innovation Center, 6751 Columbia Gateway Drive, Columbia, MD, 21046","Maryland Innovation Center, 6751 Columbia Gateway Drive, Columbia, MD 21046, Columbia, MD, US",https://www.eventbrite.com/e/brite-pitch-present-series-tickets-1976460843588,Event JSON-LD,1.0,True,needs_review
58333cb9-0773-4aff-8b7c-806503256e84,brite-pitch-present-series-fe8efb39,image_url,https://codecollective.us/event_images/BRITE___Pitch_&_Present_Series.webp,https://img.evbuc.com/https%3A%2F%2Fcdn.evbuc.com%2Fimages%2F1172265719%2F2595914680151%2F1%2Foriginal.20251203-210020?w=940&auto=format%2Ccompress&q=75&sharp=10&s=ff8b463a6ac3895633ca47309419210e,https://www.eventbrite.com/e/brite-pitch-present-series-tickets-1976460843588,Event JSON-LD,1.0,True,needs_review
58333cb9-0773-4aff-8b7c-806503256e84,brite-pitch-present-series-fe8efb39,host_org_name,,Howard County Economic Development Authority,https://www.eventbrite.com/e/brite-pitch-present-series-tickets-1976460843588,Event JSON-LD,1.0,True,needs_review
6347b7a2-b80a-42f3-8582-b50f2d53e329,pitch-labs-for-entrepreneurs-554f3528,location,"Fairfax City Economic Development, 10300 Eaton Pl, Fairfax, VA, us","Fairfax City Economic Development, 10300 Eaton Pl, Fairfax, VA, Fairfax, VA, us",https://www.meetup.com/pitch-labs/events/312573533/,Event JSON-LD,1.0,True,needs_review
6347b7a2-b80a-42f3-8582-b50f2d53e329,pitch-labs-for-entrepreneurs-554f3528,image_url,https://codecollective.us/event_images/Pitch_Labs_for_Entrepreneurs_.webp,https://secure-content.meetupstatic.com/images/classic-events/513876441/676x676.jpg,https://www.meetup.com/pitch-labs/events/312573533/,Event JSON-LD,1.0,True,needs_review
6347b7a2-b80a-42f3-8582-b50f2d53e329,pitch-labs-for-entrepreneurs-554f3528,host_org_name,,Pitch Labs,https://www.meetup.com/pitch-labs/events/312573533/,Event JSON-LD,1.0,True,needs_review
9ed07161-ae32-4b8b-b51d-856432c98c5a,cohort-14-demo-day-conscious-venture-lab-program-4b474dfa,starts_at,2026-01-15T17:00:00-04:00,2026-01-15T17:00:00-05:00,https://www.eventbrite.com/e/cohort-14-demo-day-conscious-venture-lab-program-tickets-1974502657601,Event JSON-LD,1.0,False,needs_date_or_identity_review
9ed07161-ae32-4b8b-b51d-856432c98c5a,cohort-14-demo-day-conscious-venture-lab-program-4b474dfa,ends_at,2026-01-15T20:00:00-0400,2026-01-15T20:00:00-05:00,https://www.eventbrite.com/e/cohort-14-demo-day-conscious-venture-lab-program-tickets-1974502657601,Event JSON-LD,1.0,False,needs_date_or_identity_review
9ed07161-ae32-4b8b-b51d-856432c98c5a,cohort-14-demo-day-conscious-venture-lab-program-4b474dfa,location,"Brown Advisory, Baltimore, MD","Brown Advisory, 901 South Bond Street, Baltimore, MD 21231, Baltimore, MD, US",https://www.eventbrite.com/e/cohort-14-demo-day-conscious-venture-lab-program-tickets-1974502657601,Event JSON-LD,1.0,False,needs_date_or_identity_review
9ed07161-ae32-4b8b-b51d-856432c98c5a,cohort-14-demo-day-conscious-venture-lab-program-4b474dfa,image_url,https://codecollective.us/event_images/Cohort_14_Demo_Day_|_Conscious_Venture_Lab_Program.webp,https://img.evbuc.com/https%3A%2F%2Fcdn.evbuc.com%2Fimages%2F1171667340%2F2506643455461%2F1%2Foriginal.20251124-192928?crop=focalpoint&fit=crop&w=940&auto=format%2Ccompress&q=75&sharp=10&fp-x=0.053&fp-y=0.506&s=9a89eab0d0f0306e9bad179e041972f7,https://www.eventbrite.com/e/cohort-14-demo-day-conscious-venture-lab-program-tickets-1974502657601,Event JSON-LD,1.0,False,needs_date_or_identity_review
9ed07161-ae32-4b8b-b51d-856432c98c5a,cohort-14-demo-day-conscious-venture-lab-program-4b474dfa,host_org_name,,Novella Center for Entrepreneurship,https://www.eventbrite.com/e/cohort-14-demo-day-conscious-venture-lab-program-tickets-1974502657601,Event JSON-LD,1.0,False,needs_date_or_identity_review
a13d2e97-1be5-440f-8512-2d6e02a0872f,hoco-higher-accelerator-fast-track-b4b57054,ends_at,2026-01-13T20:00:00-0500,2026-01-13T20:00:00-05:00,https://www.eventbrite.com/e/hoco-higher-accelerator-fast-track-tickets-1974977215015,Event JSON-LD,1.0,True,needs_review
a13d2e97-1be5-440f-8512-2d6e02a0872f,hoco-higher-accelerator-fast-track-b4b57054,location,"Maryland Innovation Center, 6751 Columbia Gateway Drive, Columbia, MD, 21046","Maryland Innovation Center, 6751 Columbia Gateway Drive, Columbia, MD 21046, Columbia, MD, US",https://www.eventbrite.com/e/hoco-higher-accelerator-fast-track-tickets-1974977215015,Event JSON-LD,1.0,True,needs_review
a13d2e97-1be5-440f-8512-2d6e02a0872f,hoco-higher-accelerator-fast-track-b4b57054,image_url,https://codecollective.us/event_images/HoCo_Higher_Accelerator__Fast_Track.webp,https://img.evbuc.com/https%3A%2F%2Fcdn.evbuc.com%2Fimages%2F1171738462%2F2595914680151%2F1%2Foriginal.20251125-170732?crop=focalpoint&fit=crop&w=940&auto=format%2Ccompress&q=75&sharp=10&fp-x=0.5&fp-y=0.5&s=ad4ad0607bfeab3f2fface372363f735,https://www.eventbrite.com/e/hoco-higher-accelerator-fast-track-tickets-1974977215015,Event JSON-LD,1.0,True,needs_review
a13d2e97-1be5-440f-8512-2d6e02a0872f,hoco-higher-accelerator-fast-track-b4b57054,host_org_name,,Howard County Economic Development Authority,https://www.eventbrite.com/e/hoco-higher-accelerator-fast-track-tickets-1974977215015,Event JSON-LD,1.0,True,needs_review
c8f85c97-0653-452d-94ed-a5c6a911f26f,chesapitch-2025-41c6b046,starts_at,2025-11-20T15:58:00-04:00,2025-11-20,https://members.mdtechcouncil.com/eventcalendar/Details/chesapitch-2025-1454381?sourceTypeId=Website,Event JSON-LD,1.0,False,needs_date_or_identity_review
c8f85c97-0653-452d-94ed-a5c6a911f26f,chesapitch-2025-41c6b046,ends_at,2025-11-20T18:00:00-04:00,2025-11-20,https://members.mdtechcouncil.com/eventcalendar/Details/chesapitch-2025-1454381?sourceTypeId=Website,Event JSON-LD,1.0,False,needs_date_or_identity_review
f6f120c9-ab76-4656-b552-9937517f5b42,chesapitch-2025-f9bae885,starts_at,2025-11-20T15:00:00-04:00,2025-11-20,https://members.mdtechcouncil.com/eventcalendar/Details/chesapitch-2025-1454381?sourceTypeId=Website,Event JSON-LD,1.0,False,needs_date_or_identity_review
f6f120c9-ab76-4656-b552-9937517f5b42,chesapitch-2025-f9bae885,ends_at,2025-11-20T16:30:00-04:00,2025-11-20,https://members.mdtechcouncil.com/eventcalendar/Details/chesapitch-2025-1454381?sourceTypeId=Website,Event JSON-LD,1.0,False,needs_date_or_identity_review
9faef33b-1539-4528-9d7b-07f6f067a0a8,lunch-learn-tips-tricks-for-effective-public-speaking-pitching-a6474ae2,location,"bwtech South Campus, 1450 Rolling Road, Baltimore, Maryland, 21227","bwtech South Campus, 1450 Rolling Road, Halethorpe, Maryland, 21227",https://bwtech.umbc.edu/event/10585/,Event JSON-LD,0.912,True,needs_review
9faef33b-1539-4528-9d7b-07f6f067a0a8,lunch-learn-tips-tricks-for-effective-public-speaking-pitching-a6474ae2,host_org_name,,bwtech,https://bwtech.umbc.edu/event/10585/,Event JSON-LD,0.912,True,needs_review
3bd4f0b5-bf2b-4d20-ad92-04432fcab835,nce-conscious-venture-lab-accelerator-program-cohort-13-demo-day-8751fd49,location,,"Parkway Theater, 5 W North Ave, Baltimore, MD 21201, Baltimore, MD, US",https://www.eventbrite.com/e/nce-conscious-venture-lab-accelerator-program-cohort-13-demo-day-tickets-1381181042679?aff=ebdsoporgprofile,Event JSON-LD,1.0,True,needs_review
3bd4f0b5-bf2b-4d20-ad92-04432fcab835,nce-conscious-venture-lab-accelerator-program-cohort-13-demo-day-8751fd49,image_url,https://codecollective.us/event_images/NCE_Conscious_Venture_Lab_Accelerator_Program_Cohort_13_Demo_Day.webp,https://img.evbuc.com/https%3A%2F%2Fcdn.evbuc.com%2Fimages%2F1041548183%2F2506643455461%2F1%2Foriginal.20250529-142407?crop=focalpoint&fit=crop&w=940&auto=format%2Ccompress&q=75&sharp=10&fp-x=5e-05&fp-y=5e-05&s=bc8ba4edd8737de951225b7501e59004,https://www.eventbrite.com/e/nce-conscious-venture-lab-accelerator-program-cohort-13-demo-day-tickets-1381181042679?aff=ebdsoporgprofile,Event JSON-LD,1.0,True,needs_review
3bd4f0b5-bf2b-4d20-ad92-04432fcab835,nce-conscious-venture-lab-accelerator-program-cohort-13-demo-day-8751fd49,host_org_name,,Novella Center for Entrepreneurship,https://www.eventbrite.com/e/nce-conscious-venture-lab-accelerator-program-cohort-13-demo-day-tickets-1381181042679?aff=ebdsoporgprofile,Event JSON-LD,1.0,True,needs_review
5bd78634-e7b4-4985-bb90-8697ce94ef9a,baltimore-code-coffee-demo-day-80bd3e47,location,"Digital Harbor Foundation Tech Center, 1045 Light St, Baltimore, MD, us","Digital Harbor Foundation Tech Center, 1045 Light St, Baltimore, MD, Baltimore, MD, us",https://www.meetup.com/baltimore-code-and-coffee/events/307627099/,Event JSON-LD,1.0,True,needs_review
5bd78634-e7b4-4985-bb90-8697ce94ef9a,baltimore-code-coffee-demo-day-80bd3e47,image_url,https://codecollective.us/event_images/Baltimore_Code_&_Coffee_Demo_Day.webp,https://secure-content.meetupstatic.com/images/classic-events/527952898/676x676.jpg,https://www.meetup.com/baltimore-code-and-coffee/events/307627099/,Event JSON-LD,1.0,True,needs_review
5bd78634-e7b4-4985-bb90-8697ce94ef9a,baltimore-code-coffee-demo-day-80bd3e47,host_org_name,,Baltimore Code and Coffee,https://www.meetup.com/baltimore-code-and-coffee/events/307627099/,Event JSON-LD,1.0,True,needs_review
9346ebed-a136-4d24-9091-7375383bbdf7,conscious-venture-lab-accelerator-program-cohort-13-demo-day-9fb55b3c,starts_at,2025-06-13T17:30:00-04:00,2025-06-24T17:30:00-04:00,https://www.eventbrite.com/e/nce-conscious-venture-lab-accelerator-program-cohort-13-demo-day-tickets-1381181042679,Event JSON-LD,0.968,False,needs_date_or_identity_review
9346ebed-a136-4d24-9091-7375383bbdf7,conscious-venture-lab-accelerator-program-cohort-13-demo-day-9fb55b3c,ends_at,2025-06-13T20:30:00-04:00,2025-06-24T20:30:00-04:00,https://www.eventbrite.com/e/nce-conscious-venture-lab-accelerator-program-cohort-13-demo-day-tickets-1381181042679,Event JSON-LD,0.968,False,needs_date_or_identity_review
9346ebed-a136-4d24-9091-7375383bbdf7,conscious-venture-lab-accelerator-program-cohort-13-demo-day-9fb55b3c,location,"Parkway Theater, 5 W North Ave, Baltimore, MD 21201","Parkway Theater, 5 W North Ave, Baltimore, MD 21201, Baltimore, MD, US",https://www.eventbrite.com/e/nce-conscious-venture-lab-accelerator-program-cohort-13-demo-day-tickets-1381181042679,Event JSON-LD,0.968,False,needs_date_or_identity_review
9346ebed-a136-4d24-9091-7375383bbdf7,conscious-venture-lab-accelerator-program-cohort-13-demo-day-9fb55b3c,image_url,https://codecollective.us/event_images/Conscious_Venture_Lab_Accelerator_Program_Cohort_13_Demo_Day.webp,https://img.evbuc.com/https%3A%2F%2Fcdn.evbuc.com%2Fimages%2F1041548183%2F2506643455461%2F1%2Foriginal.20250529-142407?crop=focalpoint&fit=crop&w=940&auto=format%2Ccompress&q=75&sharp=10&fp-x=5e-05&fp-y=5e-05&s=bc8ba4edd8737de951225b7501e59004,https://www.eventbrite.com/e/nce-conscious-venture-lab-accelerator-program-cohort-13-demo-day-tickets-1381181042679,Event JSON-LD,0.968,False,needs_date_or_identity_review
9346ebed-a136-4d24-9091-7375383bbdf7,conscious-venture-lab-accelerator-program-cohort-13-demo-day-9fb55b3c,host_org_name,,Novella Center for Entrepreneurship,https://www.eventbrite.com/e/nce-conscious-venture-lab-accelerator-program-cohort-13-demo-day-tickets-1381181042679,Event JSON-LD,0.968,False,needs_date_or_identity_review
b5c1fd0f-96df-4490-af86-af29ac332e0b,baltimore-code-coffee-demo-day-311dfd58,starts_at,2025-05-24T11:00:00-04:00,2025-06-14T11:00:00-04:00,https://www.meetup.com/baltimore-code-and-coffee/events/307627099/,Event JSON-LD,1.0,False,needs_date_or_identity_review
b5c1fd0f-96df-4490-af86-af29ac332e0b,baltimore-code-coffee-demo-day-311dfd58,ends_at,2025-05-24T14:00:00-04:00,2025-06-14T14:00:00-04:00,https://www.meetup.com/baltimore-code-and-coffee/events/307627099/,Event JSON-LD,1.0,False,needs_date_or_identity_review
b5c1fd0f-96df-4490-af86-af29ac332e0b,baltimore-code-coffee-demo-day-311dfd58,location,"Reveille Grounds, 1401 Severn St Building C, Suite C250, Baltimore, MD, us","Digital Harbor Foundation Tech Center, 1045 Light St, Baltimore, MD, Baltimore, MD, us",https://www.meetup.com/baltimore-code-and-coffee/events/307627099/,Event JSON-LD,1.0,False,needs_date_or_identity_review
b5c1fd0f-96df-4490-af86-af29ac332e0b,baltimore-code-coffee-demo-day-311dfd58,image_url,https://secure.meetupstatic.com/photos/event/7/d/1/4/highres_527732020.jpeg,https://secure-content.meetupstatic.com/images/classic-events/527952898/676x676.jpg,https://www.meetup.com/baltimore-code-and-coffee/events/307627099/,Event JSON-LD,1.0,False,needs_date_or_identity_review
b5c1fd0f-96df-4490-af86-af29ac332e0b,baltimore-code-coffee-demo-day-311dfd58,host_org_name,,Baltimore Code and Coffee,https://www.meetup.com/baltimore-code-and-coffee/events/307627099/,Event JSON-LD,1.0,False,needs_date_or_identity_review
