title,category,expected_tag,event_id,status
AI Startathon & Big Idea Competition Turn Your Ideas Into a Startup! | Hosted by GDG Annapolis,pitch_competition,Pitch Competition,ecdfb384-d714-4512-8ff3-5dafd7b64c2c,verified
Women in AI: Pitch Competition,pitch_competition,Pitch Competition,5fff0c3c-7858-4361-a04e-a8542567fc80,verified
Pitch Labs for Entrepreneurs - Shirlington Library,pitch_practice,Pitch Practice,a9ea5d86-87e1-40c3-a02b-51fca6a0d923,verified
Cohort 14 Demo Day | Conscious Venture Lab Program,demo_showcase,Demo Day / Showcase,9ed07161-ae32-4b8b-b51d-856432c98c5a,verified
Takia Ross: So You Want to Pitch,pitch_practice,Pitch Practice,e4294499-1ecd-4aae-86e9-bdf946408c8a,verified
Pitch and Mingle Series: The Lucky Pitch,pitch_practice,Pitch Practice,ae9b6ff9-085e-45b1-8323-eef2a6c166c4,verified
Future Founders: University Innovators Pitch Competition Application Deadline,pitch_competition,Pitch Competition,4ddcd56b-76a1-4ebd-9d7e-6b8c0595b816,verified
MTC CRC May ChesaPitch,pitch_competition,Pitch Competition,cc0b8639-dc11-4216-bd71-99b5fec6fba2,verified
Baltimore Bitcoin & BlockchAIn Bootcamp!,description_match,Startup Event,dd40b422-6963-43a6-9968-432772fbf177,verified
Techstars AI Health Baltimore Demo Day,demo_showcase,Demo Day / Showcase,8aeaab47-1ce5-4709-adc5-a55982aec7f8,verified
NCE Conscious Venture Lab Accelerator Program Cohort 13 Demo Day,demo_showcase,Demo Day / Showcase,3bd4f0b5-bf2b-4d20-ad92-04432fcab835,verified
Pitch & Mingle Series: The Great Pumpkin Pitch,pitch_practice,Pitch Practice,cf8cf72c-1d29-45e2-9b01-621358207453,verified
[VIRTUAL] Information Session: CoMotion Labs Climate Tech Incubator,incubation_acceleration,Incubation / Acceleration,7d4138d6-e2ea-4c9c-8a26-da0eecc94608,verified
HoCo Higher Accelerator: Fast Track,incubation_acceleration,Incubation / Acceleration,e0e10477-8bf9-4504-b30b-2151691dd22d,verified
Pitch Labs for Entrepreneurs - Fairfax (FDEC),pitch_practice,Pitch Practice,11e1135b-81a6-4765-a5aa-a04e92ae9251,verified
MTC CRC May ChesaPitch,pitch_competition,Pitch Competition,fc3494cf-6d4e-4284-9ab0-bf8283930255,verified
Women In AI Pitch Competition,pitch_competition,Pitch Competition,4b426cdf-20e5-478a-bf97-97ee4f77c898,verified
The Big Idea CONNECTpreneur Holiday Breakfast & Pitch Extravaganza,pitch_practice,Pitch Practice,54efb32d-d017-4dc0-90ad-7dcdf6295048,verified
Morgan State University: Entrepreneurs Showcase- Pitch Competition,pitch_competition,Pitch Competition,ff8c6f63-efe4-4bfd-9d60-1e12833fd359,verified
Civic Builders: Pitch & Demo Night,pitch_practice,Pitch Practice,4dc98c38-df9a-45b2-aeef-abddd4f00809,verified
2026 Agora Venture Competition Application Deadline,pitch_competition,Pitch Competition,72f500ec-8f5f-4ae9-88b9-243193b144cd,verified
Cb: Tech & Innovation Internship Demo Day,demo_showcase,Demo Day / Showcase,9b5b0297-891e-456f-8062-9d5618a87e53,verified
Amazon Web Services AI Pitch Competition- Entry Deadline,pitch_competition,Pitch Competition,bc843622-f261-4150-988e-a45fead48b13,verified
Accelerator Showcase,demo_showcase,Demo Day / Showcase,e3db5e30-0fe0-4e42-8f17-a74f6ff7231c,verified
HoCo Higher Accelerator: Fast Track [Active Cohort],incubation_acceleration,Incubation / Acceleration,79f73ce7-9093-4d53-9ede-82ad9256a8c3,verified
Bowie State Universitys 9th Annual Bulldog Pitch Competition,pitch_competition,Pitch Competition,9ca6238f-ff41-4faf-b69c-b7f043695ff6,verified
Art of the Pitch (The Foundry × The Palava Hut),pitch_practice,Pitch Practice,1ec8d376-7cbe-4d32-8c2a-bd2a0222c807,verified
Baltimore Code & Coffee Demo Day,demo_showcase,Demo Day / Showcase,b5c1fd0f-96df-4490-af86-af29ac332e0b,verified
2026 Summer Launch Incubator (SLI) Virtual Showcase,demo_showcase,Demo Day / Showcase,e0b91254-38b1-4f7f-a4db-7e2efd15814c,verified
Techstars AI Health Baltimore Demo Day,demo_showcase,Demo Day / Showcase,1e8dbe72-cd04-40eb-92f3-22361abba734,verified
Foundervine Accelerator USA Launch Event,incubation_acceleration,Incubation / Acceleration,26c3cc1f-e2af-41b7-8875-355069c9b50b,verified
The Big Idea CONNECTpreneur Holiday Breakfast & Pitch Extravaganza,pitch_practice,Pitch Practice,3e9551e5-4d39-44bf-993c-29d299fef80a,verified
bwtech’s Startup Showcase (Virtual),demo_showcase,Demo Day / Showcase,4e5a0188-ba8d-45cd-90da-b09614665555,verified
Greater Baltimore Urban League 2026 Business Summit & Pitch Competition,pitch_competition,Pitch Competition,c3dc72a0-f684-46c8-91fe-c73864a8c349,verified
UBalt’s 14th Annual 'Rise to the Challenge' 2026 Business Pitch Competition,pitch_competition,Pitch Competition,9007c656-ae6c-4794-8fe1-ff3b10fadf08,verified
Unicorn Pitches - GSD Demo Day,demo_showcase,Demo Day / Showcase,4f4e8192-988a-457b-bd59-1c83d0d34c2b,verified
Hacking AI Accelerators: Maxxing Tokens & Outcomes with Rob Ferguson @ Fireworks,program_workshop,Accelerator Workshop,1c4a308b-9dd6-40f8-99cb-bbb5c2eef7b4,verified
MTC CRC August ChesaPitch,pitch_competition,Pitch Competition,10341b85-0ba3-4f4c-8492-d67d27de1501,verified
Climatetech Pitch Party,pitch_practice,Pitch Practice,3946acae-8faa-44d1-b19c-bdf804480c8d,verified
ChesaPitch 2025,pitch_competition,Pitch Competition,f6f120c9-ab76-4656-b552-9937517f5b42,verified
"Startup Social: Novella Center for Entrepreneurship Founder Showcase, Angel Investing Panel, Immersive Experience",demo_showcase,Demo Day / Showcase,57f6bf4c-ecf6-4919-88af-2adeafd62ad4,verified
Baltipreneurs Accelerator Program Program Application Deadline,incubation_acceleration,Incubation / Acceleration,92935f35-c2e9-4780-bc50-36bbf209ee27,verified
HoCo Higher Accelerator: Fast Track,incubation_acceleration,Incubation / Acceleration,eabd922e-c6e9-45bf-bcd4-5ffa47d78230,verified
Foundervine Accelerator USA Application Deadline,incubation_acceleration,Incubation / Acceleration,5681c621-e033-4ace-b5ad-675907b93e9d,verified
Pitch Labs for Entrepreneurs,pitch_practice,Pitch Practice,4dae0868-5591-4882-b905-450ed78e7cc1,verified
Cyber Howard Accelerator- Application Closes,incubation_acceleration,Incubation / Acceleration,6fe53eac-b368-4787-9d10-cf3749a7c002,verified
CHESAPITCH 2026 - Get a Front-Row Seat to our Shark Tank! - May26,pitch_competition,Pitch Competition,d995fd63-a7a4-45ca-a5e2-d99bcf5478fe,verified
Pitch and Mingle Series: Investor Showcase,demo_showcase,Demo Day / Showcase,167a8d68-20bd-453e-b82a-ae20b187f579,verified
HoCo Higher: CEO Accelerator,incubation_acceleration,Incubation / Acceleration,49752e8c-9ed3-4943-8a82-6d19c913e3fd,verified
MTC's Inaugural Demo Day,demo_showcase,Demo Day / Showcase,3e68b7f7-fda8-4e24-8134-06718aa71288,verified
Pitch Labs for Entrepreneurs @ Startup Shell,pitch_practice,Pitch Practice,f9b05211-51dd-4290-9005-b8766b8bd589,verified
Market Pulse Pitch - MedTech,pitch_practice,Pitch Practice,5ba6a15d-6b99-4892-b3b2-1723b72f43b7,verified
Conscious Venture Lab Accelerator Program Cohort 13 Demo Day,demo_showcase,Demo Day / Showcase,529e691f-e81c-4fa4-a17a-31f235f15fe5,verified
Lynda Katz Wilner: Make Your Pitch Stand Out,pitch_practice,Pitch Practice,3e09720e-4d22-4829-9375-fbc812b76d4b,verified
UBalt AI-Enabled Business Accelerator Demo Day,demo_showcase,Demo Day / Showcase,51b4c936-9cc1-43e0-9947-6532a001b407,verified
Pitch Labs for Entrepreneurs - Fairfax (FDEC),pitch_practice,Pitch Practice,d0f82cd2-7a00-4b5b-be1f-f0831ad5ccf5,verified
"Maryland VC Fast Pitch. Pitch, Connect, Fund!",pitch_practice,Pitch Practice,89604a37-72be-494e-b25c-771ec8f4afe1,verified
Start Up Zone Connect and Pitch,pitch_practice,Pitch Practice,7703a2a2-3cd7-4779-a3eb-7537c66b2ca4,verified
MTC CRC May ChesaPitch,pitch_competition,Pitch Competition,00f494e5-a7b7-4fb3-bf48-91652172bf4b,verified
HoCo Higher: CEO Accelerator,incubation_acceleration,Incubation / Acceleration,73866343-fb72-4bec-ac81-69f120c4e878,verified
Maryland NEW VENTURE Pitch Night 2026!,pitch_practice,Pitch Practice,e65a7836-1b68-48d2-9e33-b1fa497a0c25,verified
Market Pulse: Cyber Howard Challenge Pitch,pitch_practice,Pitch Practice,2ee6b8af-8cae-44f2-83a7-0df1131ab72f,verified
MTC's Inaugural Demo Day,demo_showcase,Demo Day / Showcase,ec36cb96-8eee-475d-a4d7-78cc49d720c2,verified
Techstars AI Health Baltimore Demo Day,demo_showcase,Demo Day / Showcase,eef1ee03-0a65-4227-aed4-f9d0b6ff1479,verified
Amazon Web Services AI Pitch Competition-In Person,pitch_competition,Pitch Competition,b1475450-a711-4b17-b04e-a797cd4fb05c,verified
bwtech's Maryland NEW VENTURE Pitch Night,pitch_practice,Pitch Practice,64bc7ac1-2a7c-4fa2-a687-1401379a1074,verified
MEIA Demo Day,demo_showcase,Demo Day / Showcase,ffe9e236-773b-4834-ae7c-2fd988607fb0,verified
HBCUFI Spring 2026 Pre-Accelerator: Application Deadline,incubation_acceleration,Incubation / Acceleration,71e7561c-09c7-49af-8541-50d892c0b8a5,verified
Loyola University Baltipreneurs Demo Day,demo_showcase,Demo Day / Showcase,7b7eeef9-b3d3-4e73-be3a-f985423e14f3,verified
Start Up Zone Connect and Pitch,pitch_practice,Pitch Practice,c4fe69a4-9a3f-4350-98b8-258f8d16402e,verified
Baltimore Code & Coffee Demo Day,demo_showcase,Demo Day / Showcase,5bd78634-e7b4-4985-bb90-8697ce94ef9a,verified
Business Plan & Growth Readiness Incubator Pitch Competition & Graduation,pitch_competition,Pitch Competition,0f0d0ffd-f3af-4594-80db-d3d2dc652a02,verified
Spark’s Startup Social,description_match,Startup Event,747ee3f6-19b2-4519-a967-7a1549717303,verified
HoCo Higher Accelerator: Fast Track,incubation_acceleration,Incubation / Acceleration,a13d2e97-1be5-440f-8512-2d6e02a0872f,verified
STARTUP Accelerator Showcase 2026!,demo_showcase,Demo Day / Showcase,d03723d1-b4ef-4146-a555-b381bdba00e3,verified
BRITE:  Pitch & Present Series,pitch_practice,Pitch Practice,58333cb9-0773-4aff-8b7c-806503256e84,verified
"Pitch Tips Meetup with DC DAO, Stand With Crypto and Virginia Blockchain Council",pitch_practice,Pitch Practice,363a44a9-e20c-4338-9c15-3b1a54b74f46,verified
MTC CRC ChesaPitch,pitch_competition,Pitch Competition,8ad45ba1-bd76-478e-b016-a282e6373833,verified
Maryland Student Venture Showcase,demo_showcase,Demo Day / Showcase,a3816ee5-c91e-45c0-8226-1e500daf911c,verified
2026 Summer Launch Incubator (SLI) Virtual Showcase,demo_showcase,Demo Day / Showcase,38b83552-6e46-4956-8ed1-dcac54690c1e,verified
Pitch and Mingle Series: Investor Showcase,demo_showcase,Demo Day / Showcase,2101891a-472f-4873-a3d1-caa33a951725,verified
Takia Ross: So You Want to Pitch,pitch_practice,Pitch Practice,71e5adc4-6666-4045-ac23-2444d3d0bd23,verified
Startup Grind: Social Impact Cohort: Soft Launch Demo Day,demo_showcase,Demo Day / Showcase,f85d61a3-4ced-4988-bfbf-6a6e16ff3434,verified
Cyber Howard Accelerator Cohort II Graduation and Demo Day,demo_showcase,Demo Day / Showcase,0251f5fa-ce0c-420f-b53d-339831bc9996,verified
MedTech Market Pulse Pitch,pitch_practice,Pitch Practice,5d4234f8-ddc3-441a-bb9b-b7c2dfb90a68,verified
2026 Cangialosi Business Innovation Competition,pitch_competition,Pitch Competition,b0107ddc-9e33-4989-87bb-5b08eeb54339,verified
Beyond the Pitch (FITCI Entrepreneur Essentials),pitch_practice,Pitch Practice,de0f870a-7497-4130-ab7d-b94dbead6db8,verified
Bridging Innovation Week: Competition Day,pitch_competition,Pitch Competition,04f733c0-07e7-45a1-9f37-1c127c377ddd,verified
Accelerator Showcase,demo_showcase,Demo Day / Showcase,8aa4ecfd-a3f2-4202-9d49-f43335989648,verified
CHESAPITCH 2026 - Get a Front-Row Seat to our Shark Tank!,pitch_competition,Pitch Competition,5757150f-3a80-47ee-8dee-a97efed1588a,verified
Pitch Labs for Entrepreneurs,pitch_practice,Pitch Practice,6347b7a2-b80a-42f3-8582-b50f2d53e329,verified
Build with AI: Week 4 – Demo Day & The Impact Pitch 🌊,demo_showcase,Demo Day / Showcase,dce0933a-23ee-453b-becf-e79cd85f3f14,verified
HJF Innovation Labs @ MontgomeryCountyMD – BioHealth Pitch Showcase,demo_showcase,Demo Day / Showcase,18564596-89e2-4f17-abe5-3a5b73526e89,verified
Cyber Howard Accelerator Cohort III Graduation and Demo Day,demo_showcase,Demo Day / Showcase,3b16ed4e-16b8-42f6-9212-31435c1afbe2,verified
ChesaPitch 2025,pitch_competition,Pitch Competition,c8f85c97-0653-452d-94ed-a5c6a911f26f,verified
SHRM Labs' WorkplaceTech Accelerator 2026 Kickoff Reception,incubation_acceleration,Incubation / Acceleration,0fe541b0-8268-4d22-b7e7-19650afb2baa,verified
Lunch & Learn: Tips & Tricks for Effective Public Speaking & Pitching,pitch_practice,Pitch Practice,9faef33b-1539-4528-9d7b-07f6f067a0a8,verified
Conscious Venture Lab Accelerator Program Cohort 13 Demo Day,demo_showcase,Demo Day / Showcase,9346ebed-a136-4d24-9091-7375383bbdf7,verified
Maryland Student Venture Showcase,demo_showcase,Demo Day / Showcase,ec41e4dd-0610-42e5-b2dc-b46b2b33841c,verified
