candidate_id,recipient_entity_id,supporter_entity_id,relationship_kind,program,cohort,source_id,status,blocking_reasons
e763564b9d8984b692a6214f,9892538d856a8130d6b6ef44,78346e1dd33e1938401f3498,acceleration,Techstars AI Health Baltimore,2025 spring,techstars_spring,evidence_found_needs_portal_preview,recipient_identity_unresolved
4290bfd8eac2b51368210132,e5898f02ff8f3c7cef4f3708,78346e1dd33e1938401f3498,acceleration,Techstars AI Health Baltimore,2025 spring,techstars_spring,evidence_found_needs_portal_preview,recipient_identity_unresolved
f284587c765fd9ad7de2b469,26c144fefc930971f68219bc,78346e1dd33e1938401f3498,acceleration,Techstars AI Health Baltimore,2025 spring,techstars_spring,evidence_found_needs_portal_preview,recipient_identity_unresolved
87cd55cb969545ad879fa448,ff3a569b20a9a6e3acad5659,78346e1dd33e1938401f3498,acceleration,Techstars AI Health Baltimore,2025 spring,techstars_spring,evidence_found_needs_portal_preview,recipient_identity_unresolved
244cd10583d6236879259406,459ce8669b4607aa9b1f74c8,78346e1dd33e1938401f3498,acceleration,Techstars AI Health Baltimore,2025 spring,techstars_spring,evidence_found_needs_portal_preview,recipient_identity_unresolved
e5b94446a253228c01e146e9,bd3de56071621915839d1d45,78346e1dd33e1938401f3498,acceleration,Techstars AI Health Baltimore,2025 spring,techstars_spring,evidence_found_needs_portal_preview,recipient_identity_unresolved
3fc462e6bfccb9dd8e1c8cc8,f808410204c50c81604f288f,78346e1dd33e1938401f3498,acceleration,Techstars AI Health Baltimore,2025 spring,techstars_spring,evidence_found_needs_portal_preview,recipient_identity_unresolved
33953ce72256c7ffa7a2003e,88c0179afa09e34b0ea2f2b8,78346e1dd33e1938401f3498,acceleration,Techstars AI Health Baltimore,2025 spring,techstars_spring,evidence_found_needs_portal_preview,recipient_identity_unresolved
d535bb9236f0fae344e707a5,205273265843762744c03f51,78346e1dd33e1938401f3498,acceleration,Techstars AI Health Baltimore,2025 fall,techstars_fall,evidence_found_needs_portal_preview,recipient_identity_unresolved
9168a8e5b0ea2552265808ae,04873c1367926bedd1ac6709,78346e1dd33e1938401f3498,acceleration,Techstars AI Health Baltimore,2025 fall,techstars_fall,evidence_found_needs_portal_preview,recipient_identity_unresolved
89d54b3bdb94acb1ca838e41,f66f4330db9acebb48d1f248,78346e1dd33e1938401f3498,acceleration,Techstars AI Health Baltimore,2025 fall,techstars_fall,evidence_found_needs_portal_preview,recipient_identity_unresolved
b95a4b2940e70e67c4f1278a,192ca57908cbd96c729f8ed3,78346e1dd33e1938401f3498,acceleration,Techstars AI Health Baltimore,2025 fall,techstars_fall,evidence_found_needs_portal_preview,recipient_identity_unresolved
82b17af6e7a928ea3e0f8428,9e4ffa6b36a78aeb9a3ca5a7,78346e1dd33e1938401f3498,acceleration,Techstars AI Health Baltimore,2025 fall,techstars_fall,evidence_found_needs_portal_preview,recipient_identity_unresolved
061eeea0f7905a91d86dc884,32a7451276d1e26606ee9af9,78346e1dd33e1938401f3498,acceleration,Techstars AI Health Baltimore,2025 fall,techstars_fall,evidence_found_needs_portal_preview,recipient_identity_unresolved
4b4dd7f4cac2b753de9a0fc2,661d4efc6464794c712d3e3a,78346e1dd33e1938401f3498,acceleration,Techstars AI Health Baltimore,2025 fall,techstars_fall,evidence_found_needs_portal_preview,recipient_identity_unresolved
9b70959194c28ad65f703ad5,5091e4429080d78cd2ae9e3d,78346e1dd33e1938401f3498,acceleration,Techstars AI Health Baltimore,2025 fall,techstars_fall,evidence_found_needs_portal_preview,recipient_identity_unresolved
93a659d417b72d9fe17efd1d,f808a33c08ca334e31b38d48,78346e1dd33e1938401f3498,acceleration,Techstars AI Health Baltimore,2025 fall,techstars_fall,evidence_found_needs_portal_preview,recipient_identity_unresolved
1e4deacb0176d23897036add,0ad2b22f841dc176288fc66f,b3d64f9a61e97aac3981f0bb,acceleration,Baltipreneurs,2026,loyola,evidence_found_needs_portal_preview,supporter_identity_unresolved;recipient_identity_unresolved
7ae7a1a18f3d9b38c079267c,c6ef6a9e5a3a2f4ccc27e158,b3d64f9a61e97aac3981f0bb,acceleration,Baltipreneurs,2026,loyola,evidence_found_needs_portal_preview,supporter_identity_unresolved
204632f10f267d1de42301f0,5194528e2c55e95bcc0ad30a,b3d64f9a61e97aac3981f0bb,acceleration,Baltipreneurs,2026,loyola,evidence_found_needs_portal_preview,supporter_identity_unresolved;recipient_identity_unresolved
a3790df7af3c93030b5d1777,3d84298ae2f0109bce5a69c5,b3d64f9a61e97aac3981f0bb,acceleration,Baltipreneurs,2026,loyola,evidence_found_needs_portal_preview,supporter_identity_unresolved;recipient_identity_unresolved
012b26b6c5ad0c80712ca050,be6105ab2ada2b689f709d73,b3d64f9a61e97aac3981f0bb,acceleration,Baltipreneurs,2026,loyola,evidence_found_needs_portal_preview,supporter_identity_unresolved;recipient_identity_unresolved
dbd37a99bbaf5d1b1538bcfd,d6b6167b82e7ac9a2d028721,b3d64f9a61e97aac3981f0bb,acceleration,Baltipreneurs,2026,loyola,evidence_found_needs_portal_preview,supporter_identity_unresolved;recipient_identity_unresolved
f6ff865910b12c87a867a44d,d07c0d4520358ea262f4a524,b3d64f9a61e97aac3981f0bb,acceleration,Baltipreneurs,2026,loyola,evidence_found_needs_portal_preview,supporter_identity_unresolved;recipient_identity_unresolved
c3477e6760b616e3320e48aa,b3a8a2568587b49ade1e8e7e,b3d64f9a61e97aac3981f0bb,acceleration,Baltipreneurs,2026,loyola,evidence_found_needs_portal_preview,supporter_identity_unresolved;recipient_identity_unresolved
767d097b13ca9b62bf2148f7,06bf336b319ec89c34aeb3b4,b3d64f9a61e97aac3981f0bb,acceleration,Baltipreneurs,2026,loyola,evidence_found_needs_portal_preview,supporter_identity_unresolved;recipient_identity_unresolved
13d273806051d167217f2993,8805857793fc205a71f055b6,b3d64f9a61e97aac3981f0bb,acceleration,Baltipreneurs,2026,loyola,evidence_found_needs_portal_preview,supporter_identity_unresolved;recipient_identity_unresolved
ea10efc6b2982ffb9ab7da0c,b321defdde4579442d2dee7c,b3d64f9a61e97aac3981f0bb,acceleration,Baltipreneurs,2026,loyola,evidence_found_needs_portal_preview,supporter_identity_unresolved;recipient_identity_unresolved
ac782d37057ca41b7e7dfede,8eb384b8ad4fe8b6f4448bde,682e91b047ef2cc0be3868a4,acceleration,Cyber Howard,II,cyber,evidence_found_needs_portal_preview,recipient_identity_unresolved
5e6563667cc625b1dd7d0c6c,b7d6dd7deb3f6dec2f462fe4,682e91b047ef2cc0be3868a4,acceleration,Cyber Howard,II,cyber,evidence_found_needs_portal_preview,recipient_identity_unresolved
52a01f4260d2d973b507a497,197de1aa3f8e5e5fd0b80cb5,682e91b047ef2cc0be3868a4,acceleration,Cyber Howard,II,cyber,evidence_found_needs_portal_preview,recipient_identity_unresolved
cab10a961cf4997ff86e78f6,5b4071e4ca039ddf2e87d7c6,682e91b047ef2cc0be3868a4,acceleration,Cyber Howard,II,cyber,evidence_found_needs_portal_preview,recipient_identity_unresolved
0c6336013a873a5c32bca7c0,6cda6ae769b66973a031a5c9,682e91b047ef2cc0be3868a4,acceleration,Cyber Howard,II,cyber,evidence_found_needs_portal_preview,recipient_identity_unresolved
465b5829e536af1fc9a10bc8,f6eeec85c8735768752f8727,682e91b047ef2cc0be3868a4,acceleration,Cyber Howard,II,cyber,evidence_found_needs_portal_preview,recipient_identity_unresolved
df5069a713ec0a370b643898,bbb531f20642ef3b5b292462,682e91b047ef2cc0be3868a4,acceleration,Cyber Howard,II,cyber,evidence_found_needs_portal_preview,recipient_identity_unresolved
b2628fe085e942844ce26115,a6923bc5ee3ebb5a2a22ac8a,682e91b047ef2cc0be3868a4,acceleration,Cyber Howard,III,cyber,evidence_found_needs_portal_preview,recipient_identity_unresolved
08ac3573bf40cf2c9f4ae9fd,c806cd9c716cfbfdb4763c71,682e91b047ef2cc0be3868a4,acceleration,Cyber Howard,III,cyber,evidence_found_needs_portal_preview,recipient_identity_unresolved
42b7a9b0a3bf89ba3f48531a,fb24efd936e62b22c9904474,682e91b047ef2cc0be3868a4,acceleration,Cyber Howard,III,cyber,evidence_found_needs_portal_preview,recipient_identity_unresolved
f3d2221dd561977312f1c503,ec5cc8dc2c808c48992e0413,682e91b047ef2cc0be3868a4,acceleration,Cyber Howard,III,cyber,evidence_found_needs_portal_preview,recipient_identity_unresolved
eeb67e8d718c670014d3cdeb,79cdfb26dd382469e6f54959,682e91b047ef2cc0be3868a4,acceleration,Cyber Howard,III,cyber,evidence_found_needs_portal_preview,recipient_identity_unresolved
510a5cec8170abc2c28516a8,5f5a8ed8f139be6df7cf8f4a,682e91b047ef2cc0be3868a4,acceleration,Cyber Howard,III,cyber,evidence_found_needs_portal_preview,recipient_identity_unresolved
c28cc7b201dd2b860c29aeb9,a7de8b70e24494c232745277,682e91b047ef2cc0be3868a4,acceleration,Cyber Howard,III,cyber,evidence_found_needs_portal_preview,recipient_identity_unresolved
c6a98eef247f00c7a130d1fa,18ad930bb4fb0c2dcf219238,85dd03b724084b02481ca6ca,acceleration,UBalt AI-Enabled Business Accelerator,2026 inaugural,ubalt_ai,evidence_found_needs_portal_preview,supporter_identity_unresolved;recipient_identity_unresolved
ac3ffec4a384584695f18d7c,1dbf9c5bdd2888c2b508f7d7,85dd03b724084b02481ca6ca,acceleration,UBalt AI-Enabled Business Accelerator,2026 inaugural,ubalt_ai,evidence_found_needs_portal_preview,supporter_identity_unresolved;recipient_identity_unresolved
4ac98a1d8f5822b104c50eff,1638557923e62643c13fb605,85dd03b724084b02481ca6ca,acceleration,UBalt AI-Enabled Business Accelerator,2026 inaugural,ubalt_ai,evidence_found_needs_portal_preview,supporter_identity_unresolved;recipient_identity_unresolved
c8b905f6d9d25df1104076d5,6cd95d41b32e6d31e680c791,85dd03b724084b02481ca6ca,acceleration,UBalt AI-Enabled Business Accelerator,2026 inaugural,ubalt_ai,evidence_found_needs_portal_preview,supporter_identity_unresolved;recipient_identity_unresolved
d2283fba6be68e9b1d385eea,a3e6366fd1c4ea4462d21882,85dd03b724084b02481ca6ca,acceleration,UBalt AI-Enabled Business Accelerator,2026 inaugural,ubalt_ai,evidence_found_needs_portal_preview,supporter_identity_unresolved;recipient_identity_unresolved
390df957f3d3410321df0b40,64d4053ae7805a2a4b279f56,85dd03b724084b02481ca6ca,acceleration,UBalt AI-Enabled Business Accelerator,2026 inaugural,ubalt_ai,evidence_found_needs_portal_preview,supporter_identity_unresolved;recipient_identity_unresolved
bd35c12b226e9d34c0f4cbe4,41b589ea15f2d94a20fbdde8,85dd03b724084b02481ca6ca,acceleration,UBalt AI-Enabled Business Accelerator,2026 inaugural,ubalt_ai,evidence_found_needs_portal_preview,supporter_identity_unresolved;recipient_identity_unresolved
b715f148666b1978ce0aed06,6975439291bd6158064dc6f5,85dd03b724084b02481ca6ca,acceleration,UBalt AI-Enabled Business Accelerator,2026 inaugural,ubalt_ai,evidence_found_needs_portal_preview,supporter_identity_unresolved;recipient_identity_unresolved
013fb299249264bf6bd29414,54522fca9f7df5a91b67277e,94e1d52dff899bb7f904d955,program_participation,Maryland NEW VENTURE,6,newventure,evidence_found_needs_portal_preview,supporter_identity_unresolved;recipient_identity_unresolved;relationship_kind_requires_review
e04fd0920993f6d270c59844,dd552d7fad6d621d88254f35,94e1d52dff899bb7f904d955,program_participation,Maryland NEW VENTURE,6,newventure,evidence_found_needs_portal_preview,supporter_identity_unresolved;recipient_identity_unresolved;relationship_kind_requires_review
fc4d22428d4d8c74079f590d,bcbb6efbe609525e0e2cbc0b,94e1d52dff899bb7f904d955,program_participation,Maryland NEW VENTURE,6,newventure,evidence_found_needs_portal_preview,supporter_identity_unresolved;recipient_identity_unresolved;relationship_kind_requires_review
ee12fdfcece29a693fa66858,14fe859e9728f35856344ffb,94e1d52dff899bb7f904d955,program_participation,Maryland NEW VENTURE,6,newventure,evidence_found_needs_portal_preview,supporter_identity_unresolved;recipient_identity_unresolved;relationship_kind_requires_review
177eb9cb52218253bcd31478,4eb94015cce2f56f62eea780,94e1d52dff899bb7f904d955,program_participation,Maryland NEW VENTURE,6,newventure,evidence_found_needs_portal_preview,supporter_identity_unresolved;recipient_identity_unresolved;relationship_kind_requires_review
9ecc7da8809a50eb66ba0ffc,a7de8b70e24494c232745277,94e1d52dff899bb7f904d955,program_participation,Maryland NEW VENTURE,6,newventure,evidence_found_needs_portal_preview,supporter_identity_unresolved;recipient_identity_unresolved;relationship_kind_requires_review
