entity_id,research_name,portal_organization_id,portal_name,status
9892538d856a8130d6b6ef44,AidRx,,,not_found
78346e1dd33e1938401f3498,Techstars,org-techstars,Techstars,exact_name_requires_identity_review
e5898f02ff8f3c7cef4f3708,Behaivior,,,not_found
26c144fefc930971f68219bc,Compose Health,,,not_found
ff3a569b20a9a6e3acad5659,Embryoxite,,,not_found
459ce8669b4607aa9b1f74c8,Galen Health,,,not_found
bd3de56071621915839d1d45,Opal,,,not_found
f808410204c50c81604f288f,Sloop,,,not_found
88c0179afa09e34b0ea2f2b8,Valio,,,not_found
205273265843762744c03f51,Altrix,,,not_found
04873c1367926bedd1ac6709,Birth Model,,,not_found
f66f4330db9acebb48d1f248,BlueStamp Health,,,not_found
192ca57908cbd96c729f8ed3,CodaHx,,,not_found
9e4ffa6b36a78aeb9a3ca5a7,Halsted AI,,,not_found
32a7451276d1e26606ee9af9,Hoopcare,,,not_found
661d4efc6464794c712d3e3a,Pense Health,,,not_found
5091e4429080d78cd2ae9e3d,PromptWrx,,,not_found
f808a33c08ca334e31b38d48,TechNovaTime,,,not_found
0ad2b22f841dc176288fc66f,ACC Industries,,,not_found
b3d64f9a61e97aac3981f0bb,Loyola University Maryland,,,not_found
c6ef6a9e5a3a2f4ccc27e158,BioBuild,org-biobuild,BioBuild,exact_name_requires_identity_review
5194528e2c55e95bcc0ad30a,Cajou Creamery,,,not_found
3d84298ae2f0109bce5a69c5,Coach G Academy,,,not_found
be6105ab2ada2b689f709d73,Dr. Heather Lamb Consulting,,,not_found
d6b6167b82e7ac9a2d028721,Kinnected Care,,,not_found
d07c0d4520358ea262f4a524,Our House Baltimore,,,not_found
b3a8a2568587b49ade1e8e7e,Rhodex,,,not_found
06bf336b319ec89c34aeb3b4,Rooted Rotisserie,,,not_found
8805857793fc205a71f055b6,Smooth Contracting LLC,,,not_found
b321defdde4579442d2dee7c,Wight Tea Co.,,,not_found
8eb384b8ad4fe8b6f4448bde,"Bolt Technologies, LLC",,,not_found
682e91b047ef2cc0be3868a4,Howard County Economic Development Authority,c503ced0-fb35-4b58-bec8-08297e0f12a1,Howard County Economic Development Authority,exact_name_requires_identity_review
b7d6dd7deb3f6dec2f462fe4,Insight Cyber Solutions LLC,,,not_found
197de1aa3f8e5e5fd0b80cb5,Mimir Security Inc.,,,not_found
5b4071e4ca039ddf2e87d7c6,"MKJHA Consulting, Inc.",,,not_found
6cda6ae769b66973a031a5c9,"Omegus Prime, LLC",,,not_found
f6eeec85c8735768752f8727,TandT LLC,,,not_found
bbb531f20642ef3b5b292462,ThreatShareAI,,,not_found
a6923bc5ee3ebb5a2a22ac8a,Artemion,,,not_found
c806cd9c716cfbfdb4763c71,Cipher,,,not_found
fb24efd936e62b22c9904474,CyborgUSA,,,not_found
ec5cc8dc2c808c48992e0413,Nunsys,,,not_found
79cdfb26dd382469e6f54959,Phanium,,,not_found
5f5a8ed8f139be6df7cf8f4a,River,,,not_found
a7de8b70e24494c232745277,VigilVector,,,not_found
18ad930bb4fb0c2dcf219238,HealthLink360,,,not_found
85dd03b724084b02481ca6ca,University of Baltimore,,,not_found
1dbf9c5bdd2888c2b508f7d7,SphereHub,,,not_found
1638557923e62643c13fb605,Alektra Inc.,,,not_found
6cd95d41b32e6d31e680c791,NextGenEdu,,,not_found
a3e6366fd1c4ea4462d21882,Brick Rose Exchange,,,not_found
64d4053ae7805a2a4b279f56,Stacks Data,,,not_found
41b589ea15f2d94a20fbdde8,Pulse,,,not_found
6975439291bd6158064dc6f5,Sommos,,,not_found
54522fca9f7df5a91b67277e,"Esurgi, Inc.",,,not_found
94e1d52dff899bb7f904d955,bwtech@UMBC,,,not_found
dd552d7fad6d621d88254f35,PocketCardio,,,not_found
bcbb6efbe609525e0e2cbc0b,Think Happy. Live Happy.,,,not_found
14fe859e9728f35856344ffb,iBraid,,,not_found
4eb94015cce2f56f62eea780,MicDots Global,,,not_found
e33e60b54595f7249515aae0,RepTrack Pro,,,not_found
7a131c0ba9904a3344b603c7,Quick Dx,,,not_found
ffe0691240548742138a37cf,C3D Works,,,not_found
685137c66e65c43d464443e9,Shamsa,,,not_found
f1b06e2a50bbbe4ca26f3b77,Lay Your Bricks,,,not_found
be2a06e91993a013fee8a1a8,Zen-Air,,,not_found
82f7f4ccd1036c5741124b8e,A-Eye Vision,,,not_found
85e631bb45087c1ddc04a346,Totem Jou Publishing,,,not_found
e7d40b8d763744298586136b,Pharmynx,,,not_found
4628c8874ee9d375027bf768,Keepin’ Up with the Jones’ Hair Care,,,not_found
b3ea5cffc9c2381535f2cb3c,K’Raw Juice,,,not_found
133b34afd12b287f4f575786,Steady Hands,,,not_found
fb201213d992d387381b0671,BLUE DREAM,,,not_found
126cf27e9cc771f187ce6b0c,TEDCO,org-tedco,TEDCO,exact_name_requires_identity_review
078946f817adfe58c51a3bfd,PNC Bank,,,not_found
65e65cbfa2a876e963e19f98,Gordon Feinblatt LLC,,,not_found
90dc6c7699d5ab754d9fd546,Command 31,,,not_found
