event_id,recipient_entity_id,award,amount,currency,source_id,status
b0107ddc-9e33-4989-87bb-5b08eeb54339,e33e60b54595f7249515aae0,Technology first,4000,USD,cbic,published_award_not_payment
b0107ddc-9e33-4989-87bb-5b08eeb54339,7a131c0ba9904a3344b603c7,Technology second,2000,USD,cbic,published_award_not_payment
b0107ddc-9e33-4989-87bb-5b08eeb54339,ffe0691240548742138a37cf,Technology third,1000,USD,cbic,published_award_not_payment
b0107ddc-9e33-4989-87bb-5b08eeb54339,685137c66e65c43d464443e9,Social impact first,4000,USD,cbic,published_award_not_payment
b0107ddc-9e33-4989-87bb-5b08eeb54339,f1b06e2a50bbbe4ca26f3b77,Social impact second,2000,USD,cbic,published_award_not_payment
b0107ddc-9e33-4989-87bb-5b08eeb54339,be2a06e91993a013fee8a1a8,Social impact third,1000,USD,cbic,published_award_not_payment
b0107ddc-9e33-4989-87bb-5b08eeb54339,82f7f4ccd1036c5741124b8e,Audience choice,300,USD,cbic,published_award_not_payment
9007c656-ae6c-4794-8fe1-ff3b10fadf08,85e631bb45087c1ddc04a346,"Most promising business (shared $20,000 pool)",,,rise,published_award_not_payment
9007c656-ae6c-4794-8fe1-ff3b10fadf08,e7d40b8d763744298586136b,"Most promising business (shared $20,000 pool)",,,rise,published_award_not_payment
9007c656-ae6c-4794-8fe1-ff3b10fadf08,4628c8874ee9d375027bf768,Existing business,5000,USD,rise,published_award_not_payment
9007c656-ae6c-4794-8fe1-ff3b10fadf08,b3ea5cffc9c2381535f2cb3c,Aspiring venture,2500,USD,rise,published_award_not_payment
9007c656-ae6c-4794-8fe1-ff3b10fadf08,b3ea5cffc9c2381535f2cb3c,PitchCreator Hustle,1000,USD,rise,published_award_not_payment
9007c656-ae6c-4794-8fe1-ff3b10fadf08,133b34afd12b287f4f575786,Baltimore Fund,,,rise,published_award_not_payment
9007c656-ae6c-4794-8fe1-ff3b10fadf08,fb201213d992d387381b0671,Most innovative,3000,USD,rise,published_award_not_payment
9007c656-ae6c-4794-8fe1-ff3b10fadf08,85e631bb45087c1ddc04a346,Crowd favorite,1000,USD,rise,published_award_not_payment
7b7eeef9-b3d3-4e73-be3a-f985423e14f3,0ad2b22f841dc176288fc66f,Impact,,,loyola_awards,published_award_not_payment
7b7eeef9-b3d3-4e73-be3a-f985423e14f3,06bf336b319ec89c34aeb3b4,Breakthrough,,,loyola_awards,published_award_not_payment
7b7eeef9-b3d3-4e73-be3a-f985423e14f3,06bf336b319ec89c34aeb3b4,Audience choice,,,loyola_awards,published_award_not_payment
7b7eeef9-b3d3-4e73-be3a-f985423e14f3,d07c0d4520358ea262f4a524,Peerless,,,loyola_awards,published_award_not_payment
7b7eeef9-b3d3-4e73-be3a-f985423e14f3,c6ef6a9e5a3a2f4ccc27e158,Greyhound,,,loyola_awards,published_award_not_payment
