source_url,final_url,http_status,retrieved_at,content_sha256,page_title,source_excerpt,fetch_status
https://bwtech.umbc.edu/event/10585/,https://bwtech.umbc.edu/event/10585/,200,2026-10-04T17:43:43.286951+00:00,5849aa43773178294a098d6bdc7df61af651bdb17348c2787450d528a2c70929,Lunch & Learn: Tips & Tricks for Effective Public Speaking & Pitching - bwtech@UMBC,Lunch & Learn: Tips & Tricks for Effective Public Speaking & Pitching Exclusively for the bwtech community ...,structured_events_found
https://bwtech.umbc.edu/event/2026-cangialosi-business-innovation-competition/,https://bwtech.umbc.edu/event/2026-cangialosi-business-innovation-competition/,200,2026-10-04T17:43:43.289192+00:00,05bac269925e61632a36141a060d6c64442bc21d4c1d247aeada88680506de1e,2026 Cangialosi Business Innovation Competition - bwtech@UMBC,bwtech is excited to support the promising student entrepreneurs at UMBC! CLICK HERE TO REGISTER! Please...,structured_events_found
https://bwtech.umbc.edu/event/maryland-new-venture-pitch-night-2026/,https://bwtech.umbc.edu/event/maryland-new-venture-pitch-night-2026/,200,2026-10-04T17:43:43.291265+00:00,cca705e2a5fbbb635729304dbe319ca88bc1de9ea874f9238a10871a1d4d8418,Maryland NEW VENTURE Pitch Night 2026! - bwtech@UMBC,"CLICK HERE to Reserve Your Seat! Maryland NEW VENTURE Pitch Night, 2026! Monday, May 11, 2026 5:00...",structured_events_found
https://bwtech.umbc.edu/event/startup-accelerator-showcase-2026/,https://bwtech.umbc.edu/event/startup-accelerator-showcase-2026/,200,2026-10-04T17:43:43.303184+00:00,eeb2e1031fa7ab27c5509717e1b8cbe8081bd40c02052c57f8956b0d1e87a53e,STARTUP Accelerator Showcase 2026! - bwtech@UMBC,"STARTUP Accelerator Showcase, 2026 Wednesday, May 6, 2026 5:00 – 6:30 PM Virtual! RESERVE Your Spot Today!...",structured_events_found
https://gbc.org/event/the-maryland-student-venture-showcase/,https://gbc.org/event/the-maryland-student-venture-showcase/,404,2026-10-04T17:43:43.307690+00:00,,,,unavailable
https://gdg.community.dev/events/details/google-gdg-annapolis-presents-chesapitch-2026-get-a-front-row-seat-to-our-shark-tank-may26/,https://gdg.community.dev/events/details/google-gdg-annapolis-presents-chesapitch-2026-get-a-front-row-seat-to-our-shark-tank-may26/,200,2026-10-04T17:43:43.311230+00:00,a6eedcef4d14bbd38a0009929928b04358585aa681e523a194fcce553916aea7,See CHESAPITCH 2026 - Get a Front-Row Seat to our Shark Tank! - May26 at Google Developer Groups GDG Annapolis,Google Developer Groups GDG Annapolis presents CHESAPITCH 2026 - Get a Front-Row Seat to our Shark Tank! - May26 |,structured_events_found
https://gdg.community.dev/events/details/google-gdg-annapolis-presents-chesapitch-2026-get-a-front-row-seat-to-our-shark-tank/,https://gdg.community.dev/events/details/google-gdg-annapolis-presents-chesapitch-2026-get-a-front-row-seat-to-our-shark-tank/,200,2026-10-04T17:43:44.512904+00:00,6223bc2d0553b29abd4e63998950ae5c4f7bd28b4dff3beb910b549ab42366ce,See CHESAPITCH 2026 - Get a Front-Row Seat to our Shark Tank! at Google Developer Groups GDG Annapolis,"Google Developer Groups GDG Annapolis presents CHESAPITCH 2026 - Get a Front-Row Seat to our Shark Tank! | Aug 27,",structured_events_found
https://gdg.community.dev/events/details/google-gdg-brunswick-presents-build-with-ai-week-4-demo-day-amp-the-impact-pitch/,https://gdg.community.dev/events/details/google-gdg-brunswick-presents-build-with-ai-week-4-demo-day-amp-the-impact-pitch/,200,2026-10-04T17:43:46.188099+00:00,3b6f9082290d92c3975fdcbe6553a64e3ec384a15b661f7311361ea2b05a0475,See Build with AI: Week 4 – Demo Day & The Impact Pitch 🌊 at Google Developer Groups GDG Brunswick,Google Developer Groups GDG Brunswick presents Build with AI: Week 4 – Demo Day &amp; The Impact Pitch 🌊 |,structured_events_found
https://lu.ma/27nucs9o,https://luma.com/27nucs9o,200,2026-10-04T17:43:46.386225+00:00,f504764e62bb1394af80eaf9f73a6c3f635546182ba2d7f61ee2e9e5985d4e93,Techstars AI Health Baltimore Demo Day · Luma,Event Location: M&T Bank Stadium (Enter through the Southeast Suite Lobby) Parking Location: Lot D. If you use the 1101,structured_events_found
https://lu.ma/atxnfmac,https://luma.com/atxnfmac,200,2026-10-04T17:43:46.469711+00:00,3efcabcb62c56770d682c844d9f6f68fd78711f469bd2491b076b6dbe7c711dd,"Pitch Tips Meetup with DC DAO, Stand With Crypto and Virginia Blockchain Council · Luma","Join us on June 18th from 5:30–7:30pm at Buena Vida Gastrolounge for an evening of networking, drinks, and conversation around",structured_events_found
https://lu.ma/k5mgdolz,https://luma.com/k5mgdolz,200,2026-10-04T17:43:46.576044+00:00,d9cec3432fadd689bcab22c903e54c3bae6272426e58cb755ca438c015fc4b54,Techstars AI Health Baltimore Demo Day · Luma,Event Location: M&T Bank Stadium. Enter the venue at Gate F located near the corner of Russel St. and W.,no_structured_event_data
https://lu.ma/thmdtf34,https://luma.com/thmdtf34,200,2026-10-04T17:43:46.582865+00:00,f4ea6d21c5e93d29699b2c3ebfd64d9921fff4f738a007ad618bec9a3c872778,Art of the Pitch (The Foundry × The Palava Hut) · Luma,"Where the startup founders at??? Palava Night x The Foundry at Technical.ly Builders Conference, Philly Tech Week, May 8th. 5",structured_events_found
https://luma.com/cbinternshowcase26,https://luma.com/cbinternshowcase26,200,2026-10-04T17:43:46.887771+00:00,37c8d09375ee04df87b1e400c8be81a7afa301c1b2b1a5d60b7c5e3415c2baeb,Cb: Tech & Innovation Internship Demo Day · Luma,"Come see what Philadelphia’s next generation of tech talent is building. This summer, 20 high school and college students from",structured_events_found
https://luma.com/civic-ulhb,https://luma.com/civic-ulhb,200,2026-10-04T17:43:47.832229+00:00,d297c1d9bd9a0544cfe8d77d0affa81e23e752b069799631291fcd4578e362d9,Civic Builders: Pitch & Demo Night · Luma,"Civic Builders: Pitch & Demo Night is for the builders, and reflects a bigger question we're sitting with right now:",structured_events_found
https://luma.com/e275hjqk,https://luma.com/e275hjqk,200,2026-10-04T17:43:48.111679+00:00,d51df2c01afc151ecff838dff1e163e052c7a2558c4dbd5a704e12f9abc8fbb8,Climatetech Pitch Party · Luma,"Greentown Boston supports more than 150 game-changing climatetech and energy startups that are reshaping how we power our world, grow",structured_events_found
https://luma.com/tox0c6un,https://luma.com/tox0c6un,200,2026-10-04T17:43:48.139888+00:00,86f838d3f667d5472f17a8776174e2e6ae8c09b150da9e095b6d4c5153edf670,MEIA Demo Day · Luma,"As part of Maryland Day at DC Climate Week programming, join us for an exciting day of climate tech innovation",structured_events_found
https://luma.com/y7kzq0bc,https://luma.com/y7kzq0bc,200,2026-10-04T17:43:48.437911+00:00,ff2df7eb956397a5613fd2846d90b75fbc6dfb15e526a725f0fe2cc4bdd69092,[VIRTUAL] Information Session: CoMotion Labs Climate Tech Incubator · Luma,"Get questions answered and learn more about the 2027 Data Center Innovation Cohort. With support from Microsoft and E8, the",structured_events_found
https://members.mdtechcouncil.com/eventcalendar/Details/chesapitch-2025-1454381?sourceTypeId=Website,https://members.mdtechcouncil.com/eventcalendar/Details/chesapitch-2025-1454381?sourceTypeId=Website,200,2026-10-04T17:43:48.480663+00:00,821b915df8c52e347cff7e72fe65060027e59a4b39fd279773296e337a935a99,ChesaPitch 2025 Events GZ – Maryland Tech Council,"Whether you're a VC, founder, angel investor, or supporter of Maryland's innovation ecosystem — ChesaPitch is where connections are made,",structured_events_found
https://members.mdtechcouncil.com/eventcalendar/Details/mtc-crc-august-chesapitch-1763862?sourceTypeId=Website,https://members.mdtechcouncil.com/eventcalendar/Details/mtc-crc-august-chesapitch-1763862?sourceTypeId=Website,200,2026-10-04T17:43:48.672971+00:00,c95e45633cac8421cb62b6d752392f745dafd5a3015ed93a7567257ea9a5c86a,MTC CRC August ChesaPitch Events GZ – Maryland Tech Council,Join us for the 3rd MTC Chesapeake Regional Chapter’s ChesaPitch this year with the top two winners receiving invites to,structured_events_found
https://members.mdtechcouncil.com/eventcalendar/Details/mtc-crc-chesapitch-1633520?sourceTypeId=Website,https://members.mdtechcouncil.com/eventcalendar/Details/mtc-crc-chesapitch-1633520?sourceTypeId=Website,200,2026-10-04T17:43:48.785528+00:00,6b8ea687be22ca5d4dc4651b4e7c938bfb47cbf6b6ce9b9b8f7bb796ab896634,MTC CRC ChesaPitch Events GZ – Maryland Tech Council,"MTC's Chesapeake Regional Chapter's ChesaPitch will showcase innovative companies presenting their solutions to ""celebrity"" judges. Come and be a part",structured_events_found
https://members.mdtechcouncil.com/eventcalendar/Details/mtc-crc-may-chesapitch-1681166?sourceTypeId=Website,https://members.mdtechcouncil.com/eventcalendar/Details/mtc-crc-may-chesapitch-1681166?sourceTypeId=Website,200,2026-10-04T17:43:49.006876+00:00,1289f09ecb1f2346953248dbe4063dc9e52d7100ffbc8c4a8807e3fbfc0f8227,MTC CRC May ChesaPitch Events GZ – Maryland Tech Council,"MTC's Chesapeake Regional Chapter's ChesaPitch will showcase innovative companies presenting their solutions to ""celebrity"" judges. Come and be a part",structured_events_found
https://members.mdtechcouncil.com/eventcalendar/Details/mtc-s-inaugural-demo-day-1663331?sourceTypeId=Website,https://members.mdtechcouncil.com/eventcalendar/Details/mtc-s-inaugural-demo-day-1663331?sourceTypeId=Website,200,2026-10-04T17:43:49.348634+00:00,682bcda9bbc035dbfd52be64557f6c283e852a420c100fc476dcf25729f3c460,Start Up Zone Connect and Pitch Events GZ – Maryland Tech Council,"Join us for Start Up Zone Connect and Pitch, a high-energy morning designed to spotlight emerging companies, spark meaningful connections,",structured_events_found
https://members.mdtechcouncil.com/eventcalendar/Details/start-up-zone-connect-and-pitch-1663331?sourceTypeId=Website,https://members.mdtechcouncil.com/eventcalendar/Details/start-up-zone-connect-and-pitch-1663331?sourceTypeId=Website,200,2026-10-04T17:43:49.425664+00:00,21cce0103e009535068b24784d79f5cce2dcbc8c473d8958f7d0ce5c06f4b837,Start Up Zone Connect and Pitch Events GZ – Maryland Tech Council,"Join us for Start Up Zone Connect and Pitch, a high-energy morning designed to spotlight emerging companies, spark meaningful connections,",structured_events_found
https://share.hsforms.com/2EKy5h0RETwaxFPtrSmIkCgbtz0l,https://share.hsforms.com/2EKy5h0RETwaxFPtrSmIkCgbtz0l,200,2026-10-04T17:43:50.028293+00:00,4a04d579bc389634a52f3691d1ce85d6f7d5fa98976d65be94521c6e5adf99a6,Form,,no_structured_event_data
https://spark-baltimore.cobot.me/event/2026-05-07-spark-s-startup-social-how-to-get-paid-3f28a77864c93dc13cfea0232203f569,https://spark-baltimore.cobot.me/event/2026-05-07-spark-s-startup-social-how-to-get-paid-3f28a77864c93dc13cfea0232203f569,200,2026-10-04T17:43:50.106995+00:00,d51eb286a46741d4efe2515c3f29668b74691cc0404328d814bdb847bf83fdf1,Spark's Startup Social: How to Get Paid 07 May 2026 05:30PM,Startup Social: How to Get Paid Spark Coworking You’re invited to join us for our next Startup Social. We’re focusing,structured_events_found
https://spark-baltimore.cobot.me/event/2026-11-12-startup-social-novella-center-for-entrepreneurship-founder-showcase-angel-investing-panel-immersive-experience-0a1a84f1555bfdd4444b9e5f031af73e,https://spark-baltimore.cobot.me/event/2026-11-12-startup-social-novella-center-for-entrepreneurship-founder-showcase-angel-investing-panel-immersive-experience-0a1a84f1555bfdd4444b9e5f031af73e,200,2026-10-04T17:43:50.157463+00:00,960108072748229c62c42c2aed75b414abb391ede0cf34ddb666f2696dba47b6,"Startup Social: Novella Center for Entrepreneurship Founder Showcase, Angel Investing Panel, Immersive Experience 12 Nov 2026 05:30PM","Join Spark Coworking and Novella Center for Entrepreneurship for an evening of startup discovery, community connection, and hands-on investing. The",structured_events_found
https://wvbusinesslink.com/event/bridging-innovation-week-competition-day/,https://wvbusinesslink.com/event/bridging-innovation-week-competition-day/,403,2026-10-04T17:43:50.342104+00:00,,,,unavailable
https://www.abwippm.org/events-1/women-in-ai-pitch-competition,https://www.abwippm.org/events-1/women-in-ai-pitch-competition,200,2026-10-04T17:43:50.619042+00:00,e443be1a9c5cc620b67db489a5e3f29f917cd8796e7ea5ebae2fa6a3830b2e89,Women in AI: Pitch Competition | ABWIPPM,,structured_events_found
https://www.abwippm.org/events-1/women-in-ai-pitch-competition-2026-07-23-12-00,https://www.abwippm.org/events-1/women-in-ai-pitch-competition-2026-07-23-12-00,200,2026-10-04T17:43:50.730650+00:00,154d5739b8757dcc0c21644224de721150894bb0d131f4eee086b4c15b2802fd,Women In AI Pitch Competition | ABWIPPM,Watch innovative women bring bold AI ideas to life as they pitch solutions designed to elevate business performance and spark,structured_events_found
https://www.eventbrite.com/e/2026-summer-launch-incubator-sli-virtual-showcase-tickets-1993623926832,https://www.eventbrite.com/e/2026-summer-launch-incubator-sli-virtual-showcase-tickets-1993623926832,200,2026-10-04T17:43:50.773336+00:00,07b4ec874faa95d1534d4c847e0afc4762ef8f4b0e68f43eec60152ffb24dd73,"2026 Summer Launch Incubator (SLI) Virtual Showcase Tickets, Thursday, July 16  •  9:30 PM - 11:30 PM UTC | Eventbrite","Eventbrite - Georgetown Entrepreneurship Initiative presents 2026 Summer Launch Incubator (SLI) Virtual Showcase - Thursday, July 16, 2026 - Find",structured_events_found
https://www.eventbrite.com/e/brite-pitch-present-series-tickets-1976460843588,https://www.eventbrite.com/e/brite-pitch-present-series-tickets-1976460843588,200,2026-10-04T17:43:51.025006+00:00,65551f0b7776a297fcce62079fc80bdac1c014ca3a84f302d9b548a827ba0f41,"BRITE:  Pitch & Present Series Tickets, Wednesday, January 21  •  5:30 PM - 7 PM | Eventbrite","Eventbrite - Howard County Economic Development Authority presents BRITE: Pitch & Present Series - Wednesday, January 21, 2026 at Maryland",structured_events_found
https://www.eventbrite.com/e/cohort-14-demo-day-conscious-venture-lab-program-tickets-1974502657601,https://www.eventbrite.com/e/cohort-14-demo-day-conscious-venture-lab-program-tickets-1974502657601,200,2026-10-04T17:43:51.672577+00:00,6e062035deed2bb2b174eb3aa826bedbebd667e1a8e08c68593b4f10aa0daf11,"Cohort 14 Demo Day | Conscious Venture Lab Program Tickets, Thursday, January 15  •  5 PM - 8 PM | Eventbrite","Eventbrite - Novella Center for Entrepreneurship presents Cohort 14 Demo Day | Conscious Venture Lab Program - Thursday, January 15,",structured_events_found
https://www.eventbrite.com/e/conscious-venture-lab-accelerator-program-cohort-13-demo-day-tickets,https://www.eventbrite.com/e/conscious-venture-lab-accelerator-program-cohort-13-demo-day-tickets,404,2026-10-04T17:43:51.835880+00:00,,,,unavailable
https://www.eventbrite.com/e/cyber-howard-accelerator-cohort-ii-graduation-and-demo-day-tickets-1980380758158,https://www.eventbrite.com/e/cyber-howard-accelerator-cohort-ii-graduation-and-demo-day-tickets-1980380758158,200,2026-10-04T17:43:52.037227+00:00,cb2fa38767aa9b88a0689a2997bb5bd7b813f79446ac206d2de1e26a75dfef0e,"Cyber Howard Accelerator Cohort II Graduation and Demo Day Tickets, Tuesday, January 27  •  4 PM - 7 PM | Eventbrite","Eventbrite - Howard County Economic Development Authority presents Cyber Howard Accelerator Cohort II Graduation and Demo Day - Tuesday, January",structured_events_found
https://www.eventbrite.com/e/cyber-howard-accelerator-cohort-iii-graduation-and-demo-day-tickets-1991917204981,https://www.eventbrite.com/e/cyber-howard-accelerator-cohort-iii-graduation-and-demo-day-tickets-1991917204981,200,2026-10-04T17:43:52.097139+00:00,dc134fe72cc2ab47168d8f0dd7bc1abb712811641da8a200c2c249039def6688,"Cyber Howard Accelerator Cohort III Graduation and Demo Day Tickets, Thursday, July 16  •  11:30 AM - 2 PM | Eventbrite","Eventbrite - Howard County Economic Development Authority presents Cyber Howard Accelerator Cohort III Graduation and Demo Day - Thursday, July",structured_events_found
https://www.eventbrite.com/e/hoco-higher-accelerator-fast-track-active-cohort-tickets-1987536285533,https://www.eventbrite.com/e/hoco-higher-accelerator-fast-track-active-cohort-tickets-1987536285533,200,2026-10-04T17:43:52.417011+00:00,6a089631bd1d3e402a31b5baac6b8bd07f419e34b0178e4b6a4f895eb0956ca8,"HoCo Higher Accelerator: Fast Track [Active Cohort] Tickets, Wednesday, April 22  •  5:30 PM - 8 PM | Eventbrite","Eventbrite - Howard County Economic Development Authority presents HoCo Higher Accelerator: Fast Track [Active Cohort] - Wednesday, April 22, 2026",structured_events_found
https://www.eventbrite.com/e/hoco-higher-accelerator-fast-track-tickets-1974977215015,https://www.eventbrite.com/e/hoco-higher-accelerator-fast-track-tickets-1974977215015,200,2026-10-04T17:43:52.857734+00:00,86aaaabc113dd473dfb8bcb9ae08e6376ef3d80d00c0335791f5bb2bd7f0a427,"HoCo Higher Accelerator: Fast Track Tickets, Tuesday, January 13  •  5:30 PM - 8 PM | Eventbrite","Eventbrite - Howard County Economic Development Authority presents HoCo Higher Accelerator: Fast Track - Tuesday, January 13, 2026 at Maryland",structured_events_found
https://www.eventbrite.com/e/hoco-higher-accelerator-fast-track-tickets-1974977395555,https://www.eventbrite.com/e/hoco-higher-accelerator-fast-track-tickets-1974977395555,200,2026-10-04T17:43:53.350501+00:00,8b2db185952cc098fae26fed4ed26b285311c3721e019bc832e84260c834d980,"HoCo Higher Accelerator: Fast Track Tickets, Tuesday, April 14  •  5:30 PM - 8 PM | Eventbrite","Eventbrite - Howard County Economic Development Authority presents HoCo Higher Accelerator: Fast Track - Tuesday, April 14, 2026 at Maryland",structured_events_found
https://www.eventbrite.com/e/hoco-higher-ceo-accelerator-tickets-1982715925707,https://www.eventbrite.com/e/hoco-higher-ceo-accelerator-tickets-1982715925707,200,2026-10-04T17:43:53.367502+00:00,5f5e44e4dded76b2707524a4e74f7993c5376f3d9d06971d4923e4aac1da0061,"HoCo Higher: CEO Accelerator Tickets, Wednesday, March 18  •  8 AM - 5 PM | Eventbrite","Eventbrite - Howard County Economic Development Authority presents HoCo Higher: CEO Accelerator - Wednesday, March 18, 2026 at Maryland Innovation",structured_events_found
https://www.eventbrite.com/e/hoco-higher-ceo-accelerator-tickets-1986663220171,https://www.eventbrite.com/e/hoco-higher-ceo-accelerator-tickets-1986663220171,200,2026-10-04T17:43:53.772764+00:00,d7a5627f7f315a5ffcad7f64e6e7ca7374c8200b553e50966a8ac39594dbdc12,"HoCo Higher: CEO Accelerator Tickets, Tuesday, May 5  •  8 AM - 5 PM | Eventbrite","Eventbrite - Howard County Economic Development Authority presents HoCo Higher: CEO Accelerator - Tuesday, May 5, 2026 at Maryland Innovation",structured_events_found
https://www.eventbrite.com/e/lynda-katz-wilner-make-your-pitch-stand-out-tickets-1987021595080,https://www.eventbrite.com/e/lynda-katz-wilner-make-your-pitch-stand-out-tickets-1987021595080,200,2026-10-04T17:43:53.848370+00:00,cab3357a3e8d10e4f690f0e62d062b6c58c44d008417e0a5a2c2329098ca2f50,"Lynda Katz Wilner: Make Your Pitch Stand Out Tickets, Tuesday, April 21  •  4 PM - 5 PM UTC | Eventbrite","Eventbrite - The Center for Entrepreneurship and Innovation presents Lynda Katz Wilner: Make Your Pitch Stand Out - Tuesday, April",structured_events_found
https://www.eventbrite.com/e/market-pulse-cyber-howard-challenge-pitch-tickets-2000657346981,https://www.eventbrite.com/e/market-pulse-cyber-howard-challenge-pitch-tickets-2000657346981,200,2026-10-04T17:43:53.971786+00:00,477db923c1ccd48d783866e8e8b121a9d46ccf53fc328fb4aceb649eb631c55e,"Market Pulse: Cyber Howard Challenge Pitch Tickets, Tuesday, October 20  •  5 PM - 8 PM | Eventbrite","Eventbrite - Howard County Economic Development Authority presents Market Pulse: Cyber Howard Challenge Pitch - Tuesday, October 20, 2026 at",structured_events_found
https://www.eventbrite.com/e/market-pulse-pitch-medtech-tickets-1986902495851,https://www.eventbrite.com/e/market-pulse-pitch-medtech-tickets-1986902495851,200,2026-10-04T17:43:54.553661+00:00,d3c71c7c4206817173f437595eaaaaa757e2d12a987f05093ee67e4762f3d041,"Market Pulse Pitch - MedTech Tickets, Tuesday, May 12  •  5 PM - 8 PM | Eventbrite","Eventbrite - Howard County Economic Development Authority presents Market Pulse Pitch - MedTech - Tuesday, May 12, 2026 at Maryland",structured_events_found
https://www.eventbrite.com/e/nce-conscious-venture-lab-accelerator-program-cohort-13-demo-day-tickets-1381181042679,https://www.eventbrite.com/e/nce-conscious-venture-lab-accelerator-program-cohort-13-demo-day-tickets-1381181042679,200,2026-10-04T17:43:54.735868+00:00,0eeb510a25a510725c2f3da0d108ba36aca2876a87f3922f447e1ecb592c6e0d,"NCE Conscious Venture Lab Accelerator Program Cohort 13 Demo Day Tickets, Tuesday, June 24, 2025  •  5:30 PM - 8:30 PM | Eventbrite","Eventbrite - Novella Center for Entrepreneurship presents NCE Conscious Venture Lab Accelerator Program Cohort 13 Demo Day - Tuesday, June",structured_events_found
https://www.eventbrite.com/e/nce-conscious-venture-lab-accelerator-program-cohort-13-demo-day-tickets-1381181042679?aff=ebdsoporgprofile,https://www.eventbrite.com/e/nce-conscious-venture-lab-accelerator-program-cohort-13-demo-day-tickets-1381181042679?aff=ebdsoporgprofile,200,2026-10-04T17:43:54.860171+00:00,c8ca3c077f4dd05ab7e7d925dc688e43b57ecd4acb62264eef0d2418ac51c210,"NCE Conscious Venture Lab Accelerator Program Cohort 13 Demo Day Tickets, Tuesday, June 24, 2025  •  5:30 PM - 8:30 PM | Eventbrite","Eventbrite - Novella Center for Entrepreneurship presents NCE Conscious Venture Lab Accelerator Program Cohort 13 Demo Day - Tuesday, June",structured_events_found
https://www.eventbrite.com/e/pitch-and-mingle-series-investor-showcase-tickets-1975288324552,https://www.eventbrite.com/e/pitch-and-mingle-series-investor-showcase-tickets-1975288324552,200,2026-10-04T17:43:55.242847+00:00,8a2a7ddf5293c4b7428d3c9905e94c9b71644192374a93440468b4d50d5748b0,"Pitch and Mingle Series: Investor Showcase Tickets, Thursday, March 26  •  5 PM - 8 PM | Eventbrite","Eventbrite - Howard County Economic Development Authority presents Pitch and Mingle Series: Investor Showcase - Thursday, March 26, 2026 at",structured_events_found
https://www.eventbrite.com/e/pitch-and-mingle-series-the-lucky-pitch-tickets-1975288324552,https://www.eventbrite.com/e/pitch-and-mingle-series-investor-showcase-tickets-1975288324552,200,2026-10-04T17:43:55.456105+00:00,a6b9688e10c5625c4f13f6da1d1055ca7318371b511bdac52956b138b2208bc5,"Pitch and Mingle Series: Investor Showcase Tickets, Thursday, March 26  •  5 PM - 8 PM | Eventbrite","Eventbrite - Howard County Economic Development Authority presents Pitch and Mingle Series: Investor Showcase - Thursday, March 26, 2026 at",structured_events_found
https://www.eventbrite.com/e/pitch-mingle-series-the-great-pumpkin-pitch-tickets-1998218487286,https://www.eventbrite.com/e/pitch-mingle-series-the-great-pumpkin-pitch-tickets-1998218487286,200,2026-10-04T17:43:55.521243+00:00,2d3d5721ff638200d2fdf79708b84c2cf9d7c3e66c01781a1d94903d1fc85779,"Pitch & Mingle Series: The Great Pumpkin Pitch Tickets, Thursday, October 15  •  5 PM - 8 PM | Eventbrite","Eventbrite - Howard County Economic Development Authority presents Pitch & Mingle Series: The Great Pumpkin Pitch - Thursday, October 15,",structured_events_found
https://www.eventbrite.com/e/takia-ross-so-you-want-to-pitch-tickets-1987021117652,https://www.eventbrite.com/e/takia-ross-so-you-want-to-pitch-tickets-1987021117652,200,2026-10-04T17:43:56.067641+00:00,574122fb6aad586f586bb3291f972590bee2dc8652b4263cd0ac374a50e85f1a,"Takia Ross: So You Want to Pitch Tickets, Wednesday, April 22  •  12 PM - 1 PM | Eventbrite","Eventbrite - The Center for Entrepreneurship and Innovation presents Takia Ross: So You Want to Pitch - Wednesday, April 22,",structured_events_found
https://www.eventbrite.com/e/ubalt-ai-enabled-business-accelerator-demo-day-tickets-1982407306619,https://www.eventbrite.com/e/ubalt-ai-enabled-business-accelerator-demo-day-tickets-1982407306619,200,2026-10-04T17:43:56.243308+00:00,377c6cf431a51a830001d5e5509172156127891d17c75b0e958ecf46846d4a53,"UBalt AI-Enabled Business Accelerator Demo Day Tickets, Tuesday, March 17  •  5:30 PM - 8 PM | Eventbrite","Eventbrite - The Center for Entrepreneurship and Innovation presents UBalt AI-Enabled Business Accelerator Demo Day - Tuesday, March 17, 2026",structured_events_found
https://www.eventbrite.com/e/ubalts-14th-annual-rise-to-the-challenge-2026-business-pitch-competition-tickets-1980127142587,https://www.eventbrite.com/e/ubalts-14th-annual-rise-to-the-challenge-2026-business-pitch-competition-tickets-1980127142587,200,2026-10-04T17:43:56.281684+00:00,f3d5eb5dce8f543b909d41c17bef43a9d2a9ae6b4639826ef073cd2e776a3bef,"UBalt’s 14th Annual 'Rise to the Challenge' 2026 Business Pitch Competition Tickets, Wednesday, May 6  •  5:30 PM - 8 PM | Eventbrite",Eventbrite - The Center for Entrepreneurship and Innovation presents UBalt’s 14th Annual 'Rise to the Challenge' 2026 Business Pitch Competition,structured_events_found
https://www.meetup.com/ai-performance-engineering-washington-dc/events/313297578/,https://www.meetup.com/ai-performance-engineering-washington-dc/events/313297578/,200,2026-10-04T17:43:56.489558+00:00,26c07734087794c66e438fb05cd9b03d15ebad846072c1430e93880b18ce3e1f,"Hacking AI Accelerators: Maxxing Tokens & Outcomes with Rob Ferguson @ Fireworks, Mon, Jun 15, 2026, 12:00 PM   | Meetup",**Zoom link**: [https://us02web.zoom.us/j/82308186562](https://us02web.zoom.us/j/82308186562) **Talk #0: Introductions and Meetup Updates** by Chris Fregly and Antje Barth,structured_events_found
https://www.meetup.com/baltimore-code-and-coffee/events/307627099/,https://www.meetup.com/baltimore-code-and-coffee/events/307627099/,200,2026-10-04T17:43:56.837388+00:00,40c808a71a98ea922f77740010500709759d97565d0e0d2d0693cf88c249bac0,"Baltimore Code & Coffee Demo Day, Sat, Jun 14, 2025, 11:00 AM   | Meetup",Our Demo Day is a chance for members of the local tech community to show off the cool projects they’ve,structured_events_found
https://www.meetup.com/baltimorebitcoin/events/314922804/,https://www.meetup.com/baltimorebitcoin/events/314922804/,200,2026-10-04T17:43:57.281663+00:00,c7d2698995c49c68c46c3a067ce3a259acd5aea76d53f6723797e6dfe1b42d34,"Baltimore Bitcoin & BlockchAIn Bootcamp!, Mon, Jul 13, 2026, 9:00 PM   | Meetup","**BALTIMORE BITCOIN & THE 2026 BLOCKCHAIN BOOTCAMP!** **Hey Baltimore Bitcoin Family,** The Maryland digital asset scene is changing fast, and",structured_events_found
https://www.meetup.com/pitch-labs/events/312573533/,https://www.meetup.com/pitch-labs/events/312573533/,200,2026-10-04T17:43:57.382486+00:00,87c6855907da8fb645e7a533f5d63183a1e7d577168c4ae3945074118a12e1ab,"Pitch Labs for Entrepreneurs , Sat, Jan 17, 2026, 10:00 AM   | Meetup","After a short break, Pitch Labs is back with the first event of the 2026 season. Styled after a 'pitch",structured_events_found
https://www.meetup.com/pitch-labs/events/313316282/,https://www.meetup.com/pitch-labs/events/313316282/,200,2026-10-04T17:43:57.596951+00:00,d04c9356b41b96a8b2e637551fb57dd942348e5533d917bada7a75c887795110,"Pitch Labs for Entrepreneurs , Fri, Feb 27, 2026, 6:00 PM   | Meetup","Styled after a 'pitch competition', this event is for entrepreneurs, and the entrepreneurial-curious. Learn about on-going initiatives from local area",structured_events_found
https://www.meetup.com/pitch-labs/events/314077533/,https://www.meetup.com/pitch-labs/events/314077533/,200,2026-10-04T17:43:57.778368+00:00,c3ce38e1b4bccbf04878dd96c16cd3581d8069b27695e98f68ae653677cbb3b0,"Pitch Labs for Entrepreneurs @ Startup Shell , Wed, Apr 15, 2026, 6:30 PM   | Meetup","Styled after a 'pitch competition', this event is for entrepreneurs, and the entrepreneurial-curious. Learn about on-going initiatives from local area",structured_events_found
https://www.meetup.com/pitch-labs/events/314748564/,https://www.meetup.com/pitch-labs/events/314748564/,200,2026-10-04T17:43:57.824264+00:00,3f538830c8d750d207dc955f37e4e4a2695b1e2b168abc5285478ef0975e393d,"Pitch Labs for Entrepreneurs - Fairfax (FDEC), Sat, May 16, 2026, 10:00 AM   | Meetup","Styled after a 'pitch competition', this event is for entrepreneurs, and the entrepreneurial-curious. Learn about on-going initiatives from local area",structured_events_found
https://www.meetup.com/pitch-labs/events/315248814/,https://www.meetup.com/pitch-labs/events/315248814/,200,2026-10-04T17:43:57.970760+00:00,6e27ab57162d72b3a65b3257233fe89fef5ceb2c16faba42c8c7efeee3ce49a2,"Pitch Labs for Entrepreneurs - Shirlington Library, Sat, Jun 27, 2026, 2:00 PM   | Meetup","Styled after a 'pitch competition', this event is for entrepreneurs, and the entrepreneurial-curious. Learn about on-going initiatives from local area",structured_events_found
https://www.meetup.com/pitch-labs/events/316352727/,https://www.meetup.com/pitch-labs/events/316352727/,200,2026-10-04T17:43:58.298741+00:00,0bf87569df259f8e342052fa75fc62481ab1e6ad332702d1d79e215e4d7af194,"Pitch Labs for Entrepreneurs - Fairfax (FDEC), Sat, Sep 19, 2026, 10:00 AM   | Meetup","Styled after a 'pitch competition', this event is for entrepreneurs, and the entrepreneurial-curious. Learn about on-going initiatives from local area",structured_events_found
https://www.tedcomd.com/2026-agora-venture-competition-application-deadline,https://www.tedcomd.com/2026-agora-venture-competition-application-deadline,403,2026-10-04T17:43:58.672958+00:00,,,,unavailable
https://www.tedcomd.com/ai-startathon-big-idea-competition-turn-your-ideas-startup-hosted-gdg-annapolis,https://www.tedcomd.com/ai-startathon-big-idea-competition-turn-your-ideas-startup-hosted-gdg-annapolis,403,2026-10-04T17:43:58.878810+00:00,,,,unavailable
https://www.tedcomd.com/amazon-web-services-ai-pitch-competition-entry-deadline,https://www.tedcomd.com/amazon-web-services-ai-pitch-competition-entry-deadline,403,2026-10-04T17:43:58.988032+00:00,,,,unavailable
https://www.tedcomd.com/amazon-web-services-ai-pitch-competition-person,https://www.tedcomd.com/amazon-web-services-ai-pitch-competition-person,403,2026-10-04T17:43:59.090718+00:00,,,,unavailable
https://www.tedcomd.com/baltipreneurs-accelerator-program-program-application-deadline,https://www.tedcomd.com/baltipreneurs-accelerator-program-program-application-deadline,403,2026-10-04T17:43:59.124351+00:00,,,,unavailable
https://www.tedcomd.com/beyond-pitch-fitci-entrepreneur-essentials,https://www.tedcomd.com/beyond-pitch-fitci-entrepreneur-essentials,403,2026-10-04T17:43:59.308204+00:00,,,,unavailable
https://www.tedcomd.com/big-idea-connectpreneur-holiday-breakfast-pitch-extravaganza,https://www.tedcomd.com/big-idea-connectpreneur-holiday-breakfast-pitch-extravaganza,403,2026-10-04T17:43:59.355102+00:00,,,,unavailable
https://www.tedcomd.com/big-idea-connectpreneur-holiday-breakfast-pitch-extravaganza-0,https://www.tedcomd.com/big-idea-connectpreneur-holiday-breakfast-pitch-extravaganza-0,403,2026-10-04T17:43:59.487109+00:00,,,,unavailable
https://www.tedcomd.com/bowie-state-universitys-9th-annual-bulldog-pitch-competition,https://www.tedcomd.com/bowie-state-universitys-9th-annual-bulldog-pitch-competition,403,2026-10-04T17:43:59.604434+00:00,,,,unavailable
https://www.tedcomd.com/bwtechs-maryland-new-venture-pitch-night,https://www.tedcomd.com/bwtechs-maryland-new-venture-pitch-night,403,2026-10-04T17:43:59.644205+00:00,,,,unavailable
https://www.tedcomd.com/bwtechs-startup-showcase-virtual,https://www.tedcomd.com/bwtechs-startup-showcase-virtual,403,2026-10-04T17:44:00.053018+00:00,,,,unavailable
https://www.tedcomd.com/cyber-howard-accelerator-application-closes,https://www.tedcomd.com/cyber-howard-accelerator-application-closes,403,2026-10-04T17:44:00.064404+00:00,,,,unavailable
https://www.tedcomd.com/foundervine-accelerator-usa-application-deadline,https://www.tedcomd.com/foundervine-accelerator-usa-application-deadline,403,2026-10-04T17:44:00.106128+00:00,,,,unavailable
https://www.tedcomd.com/foundervine-accelerator-usa-launch-event,https://www.tedcomd.com/foundervine-accelerator-usa-launch-event,403,2026-10-04T17:44:00.207645+00:00,,,,unavailable
https://www.tedcomd.com/future-founders-university-innovators-pitch-competition-application-deadline,https://www.tedcomd.com/future-founders-university-innovators-pitch-competition-application-deadline,403,2026-10-04T17:44:00.220410+00:00,,,,unavailable
https://www.tedcomd.com/greater-baltimore-urban-league-2026-business-summit-pitch-competition,https://www.tedcomd.com/greater-baltimore-urban-league-2026-business-summit-pitch-competition,403,2026-10-04T17:44:00.228678+00:00,,,,unavailable
https://www.tedcomd.com/hbcufi-spring-2026-pre-accelerator-application-deadline,https://www.tedcomd.com/hbcufi-spring-2026-pre-accelerator-application-deadline,403,2026-10-04T17:44:00.631693+00:00,,,,unavailable
https://www.tedcomd.com/hjf-innovation-labs-montgomerycountymd-biohealth-pitch-showcase,https://www.tedcomd.com/hjf-innovation-labs-montgomerycountymd-biohealth-pitch-showcase,403,2026-10-04T17:44:00.643423+00:00,,,,unavailable
https://www.tedcomd.com/loyola-university-baltipreneurs-demo-day,https://www.tedcomd.com/loyola-university-baltipreneurs-demo-day,403,2026-10-04T17:44:00.821816+00:00,,,,unavailable
https://www.tedcomd.com/maryland-student-venture-showcase,https://www.tedcomd.com/maryland-student-venture-showcase,403,2026-10-04T17:44:00.851240+00:00,,,,unavailable
https://www.tedcomd.com/maryland-vc-fast-pitch-pitch-connect-fund,https://www.tedcomd.com/maryland-vc-fast-pitch-pitch-connect-fund,403,2026-10-04T17:44:01.046896+00:00,,,,unavailable
https://www.tedcomd.com/medtech-market-pulse-pitch,https://www.tedcomd.com/medtech-market-pulse-pitch,403,2026-10-04T17:44:01.093687+00:00,,,,unavailable
https://www.tedcomd.com/morgan-state-university-entrepreneurs-showcase-pitch-competition,https://www.tedcomd.com/morgan-state-university-entrepreneurs-showcase-pitch-competition,403,2026-10-04T17:44:01.279863+00:00,,,,unavailable
https://www.tedcomd.com/mtc-crc-may-chesapitch,https://www.tedcomd.com/mtc-crc-may-chesapitch,403,2026-10-04T17:44:01.289872+00:00,,,,unavailable
https://www.tedcomd.com/mtcs-inaugural-demo-day,https://www.tedcomd.com/mtcs-inaugural-demo-day,403,2026-10-04T17:44:01.825693+00:00,,,,unavailable
https://www.tedcomd.com/pitch-and-mingle-series-investor-showcase,https://www.tedcomd.com/pitch-and-mingle-series-investor-showcase,403,2026-10-04T17:44:01.831230+00:00,,,,unavailable
https://www.tedcomd.com/shrm-labs-workplacetech-accelerator-2026-kickoff-reception,https://www.tedcomd.com/shrm-labs-workplacetech-accelerator-2026-kickoff-reception,403,2026-10-04T17:44:01.872590+00:00,,,,unavailable
https://www.tedcomd.com/startup-grind-social-impact-cohort-soft-launch-demo-day,https://www.tedcomd.com/startup-grind-social-impact-cohort-soft-launch-demo-day,403,2026-10-04T17:44:01.877458+00:00,,,,unavailable
https://www.tedcomd.com/techstars-ai-health-baltimore-demo-day,https://www.tedcomd.com/techstars-ai-health-baltimore-demo-day,403,2026-10-04T17:44:01.933407+00:00,,,,unavailable
https://www.tedcomd.com/unicorn-pitches-gsd-demo-day-0,https://www.tedcomd.com/unicorn-pitches-gsd-demo-day-0,403,2026-10-04T17:44:01.944584+00:00,,,,unavailable
https://www.towson.edu/startup/programs/community-entrepreneurship/accelerator/showcase.html,https://www.towson.edu/startup/programs/community-entrepreneurship/accelerator/showcase.html,200,2026-10-04T17:44:02.447256+00:00,63b9d8e629ea0b307ba6dd65fd2f0c1d5b8e97dd9dfb5a0f1d307c4d440c000f,Showcase | StarTUp | Towson University,The annual StarTUp Accelerator Showcase brings together founders of the StarTUp Accelerator and the Towson community for a high-energy networking,no_structured_event_data
