event_id,entity_id,role,source_id,status
8aeaab47-1ce5-4709-adc5-a55982aec7f8,9892538d856a8130d6b6ef44,cohort_member,techstars_spring,identity_match_required
8aeaab47-1ce5-4709-adc5-a55982aec7f8,e5898f02ff8f3c7cef4f3708,cohort_member,techstars_spring,identity_match_required
8aeaab47-1ce5-4709-adc5-a55982aec7f8,26c144fefc930971f68219bc,cohort_member,techstars_spring,identity_match_required
8aeaab47-1ce5-4709-adc5-a55982aec7f8,ff3a569b20a9a6e3acad5659,cohort_member,techstars_spring,identity_match_required
8aeaab47-1ce5-4709-adc5-a55982aec7f8,459ce8669b4607aa9b1f74c8,cohort_member,techstars_spring,identity_match_required
8aeaab47-1ce5-4709-adc5-a55982aec7f8,bd3de56071621915839d1d45,cohort_member,techstars_spring,identity_match_required
8aeaab47-1ce5-4709-adc5-a55982aec7f8,f808410204c50c81604f288f,cohort_member,techstars_spring,identity_match_required
8aeaab47-1ce5-4709-adc5-a55982aec7f8,88c0179afa09e34b0ea2f2b8,cohort_member,techstars_spring,identity_match_required
eef1ee03-0a65-4227-aed4-f9d0b6ff1479,205273265843762744c03f51,cohort_member,techstars_fall,identity_match_required
eef1ee03-0a65-4227-aed4-f9d0b6ff1479,04873c1367926bedd1ac6709,cohort_member,techstars_fall,identity_match_required
eef1ee03-0a65-4227-aed4-f9d0b6ff1479,f66f4330db9acebb48d1f248,cohort_member,techstars_fall,identity_match_required
eef1ee03-0a65-4227-aed4-f9d0b6ff1479,192ca57908cbd96c729f8ed3,cohort_member,techstars_fall,identity_match_required
eef1ee03-0a65-4227-aed4-f9d0b6ff1479,9e4ffa6b36a78aeb9a3ca5a7,cohort_member,techstars_fall,identity_match_required
eef1ee03-0a65-4227-aed4-f9d0b6ff1479,32a7451276d1e26606ee9af9,cohort_member,techstars_fall,identity_match_required
eef1ee03-0a65-4227-aed4-f9d0b6ff1479,661d4efc6464794c712d3e3a,cohort_member,techstars_fall,identity_match_required
eef1ee03-0a65-4227-aed4-f9d0b6ff1479,5091e4429080d78cd2ae9e3d,cohort_member,techstars_fall,identity_match_required
eef1ee03-0a65-4227-aed4-f9d0b6ff1479,f808a33c08ca334e31b38d48,cohort_member,techstars_fall,identity_match_required
7b7eeef9-b3d3-4e73-be3a-f985423e14f3,0ad2b22f841dc176288fc66f,cohort_member,loyola,identity_match_required
7b7eeef9-b3d3-4e73-be3a-f985423e14f3,c6ef6a9e5a3a2f4ccc27e158,cohort_member,loyola,identity_match_required
7b7eeef9-b3d3-4e73-be3a-f985423e14f3,5194528e2c55e95bcc0ad30a,cohort_member,loyola,identity_match_required
7b7eeef9-b3d3-4e73-be3a-f985423e14f3,3d84298ae2f0109bce5a69c5,cohort_member,loyola,identity_match_required
7b7eeef9-b3d3-4e73-be3a-f985423e14f3,be6105ab2ada2b689f709d73,cohort_member,loyola,identity_match_required
7b7eeef9-b3d3-4e73-be3a-f985423e14f3,d6b6167b82e7ac9a2d028721,cohort_member,loyola,identity_match_required
7b7eeef9-b3d3-4e73-be3a-f985423e14f3,d07c0d4520358ea262f4a524,cohort_member,loyola,identity_match_required
7b7eeef9-b3d3-4e73-be3a-f985423e14f3,b3a8a2568587b49ade1e8e7e,cohort_member,loyola,identity_match_required
7b7eeef9-b3d3-4e73-be3a-f985423e14f3,06bf336b319ec89c34aeb3b4,cohort_member,loyola,identity_match_required
7b7eeef9-b3d3-4e73-be3a-f985423e14f3,8805857793fc205a71f055b6,cohort_member,loyola,identity_match_required
7b7eeef9-b3d3-4e73-be3a-f985423e14f3,b321defdde4579442d2dee7c,cohort_member,loyola,identity_match_required
0251f5fa-ce0c-420f-b53d-339831bc9996,8eb384b8ad4fe8b6f4448bde,cohort_member,cyber,identity_match_required
0251f5fa-ce0c-420f-b53d-339831bc9996,b7d6dd7deb3f6dec2f462fe4,cohort_member,cyber,identity_match_required
0251f5fa-ce0c-420f-b53d-339831bc9996,197de1aa3f8e5e5fd0b80cb5,cohort_member,cyber,identity_match_required
0251f5fa-ce0c-420f-b53d-339831bc9996,5b4071e4ca039ddf2e87d7c6,cohort_member,cyber,identity_match_required
0251f5fa-ce0c-420f-b53d-339831bc9996,6cda6ae769b66973a031a5c9,cohort_member,cyber,identity_match_required
0251f5fa-ce0c-420f-b53d-339831bc9996,f6eeec85c8735768752f8727,cohort_member,cyber,identity_match_required
0251f5fa-ce0c-420f-b53d-339831bc9996,bbb531f20642ef3b5b292462,cohort_member,cyber,identity_match_required
3b16ed4e-16b8-42f6-9212-31435c1afbe2,a6923bc5ee3ebb5a2a22ac8a,cohort_member,cyber,identity_match_required
3b16ed4e-16b8-42f6-9212-31435c1afbe2,c806cd9c716cfbfdb4763c71,cohort_member,cyber,identity_match_required
3b16ed4e-16b8-42f6-9212-31435c1afbe2,fb24efd936e62b22c9904474,cohort_member,cyber,identity_match_required
3b16ed4e-16b8-42f6-9212-31435c1afbe2,ec5cc8dc2c808c48992e0413,cohort_member,cyber,identity_match_required
3b16ed4e-16b8-42f6-9212-31435c1afbe2,79cdfb26dd382469e6f54959,cohort_member,cyber,identity_match_required
3b16ed4e-16b8-42f6-9212-31435c1afbe2,5f5a8ed8f139be6df7cf8f4a,cohort_member,cyber,identity_match_required
3b16ed4e-16b8-42f6-9212-31435c1afbe2,a7de8b70e24494c232745277,cohort_member,cyber,identity_match_required
51b4c936-9cc1-43e0-9947-6532a001b407,18ad930bb4fb0c2dcf219238,cohort_member,ubalt_ai,identity_match_required
51b4c936-9cc1-43e0-9947-6532a001b407,1dbf9c5bdd2888c2b508f7d7,cohort_member,ubalt_ai,identity_match_required
51b4c936-9cc1-43e0-9947-6532a001b407,1638557923e62643c13fb605,cohort_member,ubalt_ai,identity_match_required
51b4c936-9cc1-43e0-9947-6532a001b407,6cd95d41b32e6d31e680c791,cohort_member,ubalt_ai,identity_match_required
51b4c936-9cc1-43e0-9947-6532a001b407,a3e6366fd1c4ea4462d21882,cohort_member,ubalt_ai,identity_match_required
51b4c936-9cc1-43e0-9947-6532a001b407,64d4053ae7805a2a4b279f56,cohort_member,ubalt_ai,identity_match_required
51b4c936-9cc1-43e0-9947-6532a001b407,41b589ea15f2d94a20fbdde8,cohort_member,ubalt_ai,identity_match_required
51b4c936-9cc1-43e0-9947-6532a001b407,6975439291bd6158064dc6f5,cohort_member,ubalt_ai,identity_match_required
e65a7836-1b68-48d2-9e33-b1fa497a0c25,54522fca9f7df5a91b67277e,cohort_member,newventure,identity_match_required
64bc7ac1-2a7c-4fa2-a687-1401379a1074,54522fca9f7df5a91b67277e,cohort_member,newventure,identity_match_required
e65a7836-1b68-48d2-9e33-b1fa497a0c25,dd552d7fad6d621d88254f35,cohort_member,newventure,identity_match_required
64bc7ac1-2a7c-4fa2-a687-1401379a1074,dd552d7fad6d621d88254f35,cohort_member,newventure,identity_match_required
e65a7836-1b68-48d2-9e33-b1fa497a0c25,bcbb6efbe609525e0e2cbc0b,cohort_member,newventure,identity_match_required
64bc7ac1-2a7c-4fa2-a687-1401379a1074,bcbb6efbe609525e0e2cbc0b,cohort_member,newventure,identity_match_required
e65a7836-1b68-48d2-9e33-b1fa497a0c25,14fe859e9728f35856344ffb,cohort_member,newventure,identity_match_required
64bc7ac1-2a7c-4fa2-a687-1401379a1074,14fe859e9728f35856344ffb,cohort_member,newventure,identity_match_required
e65a7836-1b68-48d2-9e33-b1fa497a0c25,4eb94015cce2f56f62eea780,cohort_member,newventure,identity_match_required
64bc7ac1-2a7c-4fa2-a687-1401379a1074,4eb94015cce2f56f62eea780,cohort_member,newventure,identity_match_required
e65a7836-1b68-48d2-9e33-b1fa497a0c25,a7de8b70e24494c232745277,cohort_member,newventure,identity_match_required
64bc7ac1-2a7c-4fa2-a687-1401379a1074,a7de8b70e24494c232745277,cohort_member,newventure,identity_match_required
