source_id,url,publisher_type,checked_on
techstars_spring,https://www.techstars.com/newsroom/techstars-ai-health-baltimore-2025-class-announcement,primary,2026-10-04
techstars_fall,https://www.techstars.com/blog/impact/techstars-update-december-2025,primary,2026-10-04
techstars_event,https://ventures.jhu.edu/event/techstars-ai-health-baltimore-demo-day/,primary,2026-10-04
loyola,https://www.loyola.edu/news/2026/0309-baltipreneurs-accelerator-demo-day.html,primary,2026-10-04
loyola_awards,https://www.loyola.edu/join-us/baltipreneurs/demo-day/,primary,2026-10-04
cyber,https://howardcountyeda.org/business-resources/cyber-howard/cyber-cohort/,primary,2026-10-04
ubalt_ai,https://www.ubalt.edu/about/newsroom/business-today-cei-artificial-intelligence-accelerator-showcases-real-world-solutions.cfm,primary,2026-10-04
newventure,https://bwtech.umbc.edu/maryland-new-venture-cohort-6-celebrates-at-pitch-night-26/,primary,2026-10-04
cbic,https://entrepreneurship.umbc.edu/competitions/the-cangialosi-business-innovation-competition/2026-cbic/,primary,2026-10-04
rise,https://www.ubalt.edu/about/newsroom/ubaltnews-winners-announced-for-2026-rise-to-the-challenge-competition.cfm,primary,2026-10-04
