event_id,organization_id,role,evidence
090558e743f29eed7119f8b8,272396a21f8103907f06791f,participant,"Cameron Peltz (Caldarium): Caldarium is a health admin tech company building software solutions for medical practices, to automate prior authorization paperwork and detect errors in reimbursement claims, to ensure compliance and reduce their rate of rejection by Medicare and insurance payers, getting patients the medicine and surgeries they need more quickly and reliably, and doctor's offices paid for their properly documented procedures correctly the first time and therefore in consistent better financial health."
090558e743f29eed7119f8b8,2971a4aaca2101877d8dba17,participant,"Chelsea Acheampong (Nova Hospitality): Nova Hospitality is a consumer travel platform connecting conscious travelers directly with verified eco-lodges and community-run properties, redirecting tourism revenue back into local communities through transparent impact verification and direct booking"
090558e743f29eed7119f8b8,f4aa323b3f12974b4d6dded2,participant,"Achinth Murali (Open Judgement Engineering): The Open Judgment Engine (OJE) is an open-source methodology and AI-assisted platform that captures the reasoning behind non-routine engineering decisions — when a judgment applies, when it doesn’t, what the expert does, why it works, and what failure it guards against — as structured, attributed artifacts called Judgment Primitives, embedded directly into the workflow gates where engineers already make those decisions. The goal is to make expert engineering judgment portable, searchable, and permanent — so that when a senior engineer retires, the reasoning behind their decisions doesn’t retire with them.​​​​​​​​​​​​​​​​"
15d6cc8bf5e72c12be68b59f,180fc6243798670f489336bb,accelerator,Techstars AI Health Baltimore Spring 2025 cohort
15d6cc8bf5e72c12be68b59f,25559c9db3b98b7e723e408c,participant,"• Galen Health (Windsor, OH, USA)"
15d6cc8bf5e72c12be68b59f,30af2bb1c1952c10a61e8438,participant,"• Behaivior (Pittsburgh, PA, USA)"
15d6cc8bf5e72c12be68b59f,389a8866e413c1b051334acd,supporter,"Calling all Baltimore startup champions and Techstars allies! Mark your calendars for June 5th, 2025 and join us at M&T Bank Stadium to celebrate the debut of the inaugural class of the flagship accelerator - Techstars AI Health Baltimore powered by Johns Hopkins University and CareFirst BlueCross BlueShield.  "
15d6cc8bf5e72c12be68b59f,942cfe9c02c2ce898eb5e168,participant,"• Compose Health (Ottawa, ON, Canada)"
15d6cc8bf5e72c12be68b59f,b414e4e5b0b982bc35fb2a6d,participant,"• Sloop (New York, NY, USA)"
15d6cc8bf5e72c12be68b59f,bca6acb5785999a4628cb31c,participant,"• Valio (Indianapolis, IN, USA)"
15d6cc8bf5e72c12be68b59f,c2d6e37cf3f62921cdc03abf,participant,"• Opal (Tampa, FL, USA)"
15d6cc8bf5e72c12be68b59f,c768c11c8e0e4ae035383d06,participant,"• AidRx (Calgary, AB, Canada)"
15d6cc8bf5e72c12be68b59f,d693aaa6355d5f9493d7cec1,supporter,"Calling all Baltimore startup champions and Techstars allies! Mark your calendars for June 5th, 2025 and join us at M&T Bank Stadium to celebrate the debut of the inaugural class of the flagship accelerator - Techstars AI Health Baltimore powered by Johns Hopkins University and CareFirst BlueCross BlueShield.  "
15d6cc8bf5e72c12be68b59f,e29200cea72de040f9b36abd,participant,"• Embryoxite (Buenos Aires, Argentina)"
15d6cc8bf5e72c12be68b59f,f945db03f53994b16ace0c79,supporter,"We also appreciate support from Brex, a corporate Techstars partner."
2913721fd154fb559eb15ea4,79ca6ab947b439d08680e3d0,participant,Rob Long will present Countacus - an accounting solution for solopreneurs and entrepreneurs who want to stay organized without the learning curve.
2913721fd154fb559eb15ea4,9828e78d31fc80854d93e967,participant,"Shafee IbnaAmin will present Sentype - a cutting edge news analytics platform for hedgefunds and day traders, currently in the MVP phase."
2913721fd154fb559eb15ea4,a2c075f24b8ff769cd009e3f,participant,"Giulia Cajati will present on MiFido - a science-backed wellness app that helps you regulate your nervous system and build intentional, aligned habits while learning to let go of control so you can feel calmer and clearer."
6496c7600f85dce65314e459,9533adef83a36bbb2b8a5b06,participant,"Tom Folkes will present on ACURE, which is an AI Librarian with a proprietary and lightweight context method for search - aCURE.info"
6496c7600f85dce65314e459,dd84b16e2d29033eb89612a6,participant,"John Kilmer will present on ValiCor US's latest offering H.E.A.T.™ (Human Emotion Analysis Technology). This offering is an AI-powered emotional intelligence platform that measures and analyzes emotional, cognitive, and behavioral signals in real time with validated accuracy. It provides secure, compliant emotional insights that improve decision-making, performance, and human reliability across healthcare, defense, aviation, enterprise, and other high-stakes environments."
6bae888873ab7c593faebe63,c4eeec1aaca06d01915bb999,participant,"Yuan He will present on N0S.AI - a decision intelligence platform built for professional investors and fund managers. It leverages four core AI agents, each delivering a key feature to improve investor’s circle of competency during the qualitative investment decision process."
9b138aeed21d4af2a3bc8588,61c73595fdee28f52062d050,accelerator,"Join us in celebrating the graduation of Baltimore Development Corporation’s (BDC) inaugural Business Plan Growth & Readiness Incubator cohort, where all 11 participants will be honored and three finalists will compete in a pitch competition sponsored by LISC | Verizon Small Business Digital Ready."
9b138aeed21d4af2a3bc8588,6348d5ff0c364fba496f5a5f,supporter,"Join us in celebrating the graduation of Baltimore Development Corporation’s (BDC) inaugural Business Plan Growth & Readiness Incubator cohort, where all 11 participants will be honored and three finalists will compete in a pitch competition sponsored by LISC | Verizon Small Business Digital Ready."
9b138aeed21d4af2a3bc8588,89f1d95a848a0397a4afb3c0,supporter,"Join us in celebrating the graduation of Baltimore Development Corporation’s (BDC) inaugural Business Plan Growth & Readiness Incubator cohort, where all 11 participants will be honored and three finalists will compete in a pitch competition sponsored by LISC | Verizon Small Business Digital Ready."
da36faedd8724c6420f54631,8a4690646f1b5783e3cb6d0c,participant,"""IPRights4All (R) is making it easier and less costly for creatives and entrepreneurs to protect and to monetize their innovation - using digital copyright and intellectual property (IP) automation based on artificial intelligence and blockchain and complementary technologies - supported by attorneys and allies. Our mission is to democratize access to IP rights, with a focus on under-served communities, to create economic growth and opportunity all."""
da36faedd8724c6420f54631,ec2c329c9fa4ac028a8e5c47,participant,Kaitlin Seng: https://www.gingercybersecurity.com/
