research_id,output_index,title,category,starts_at,source_url,organizer_label,organizer_source_url,organizer_review,city,description,first_seen_commit,latest_record_commit,latest_record_path,recipient_review
02a9e9246e3e9fda56b75220,627,AI Startathon & Big Idea Competition Turn Your Ideas Into a Startup! | Hosted by GDG Annapolis,pitch_competition,2025-11-07T10:00:00-05:00,https://www.tedcomd.com/ai-startathon-big-idea-competition-turn-your-ideas-startup-hosted-gdg-annapolis,,,needs_organizer_review,,MyTEDCO,d8a89e2a5e6fd91a078b8294369fcf77c0dbd2a5,0c3741f84e9148c4b7fdf4de6d5db63b8bb1a3c1,baltimore/upcoming_events.json,needs_recipient_research
038584562b9f74d51d25f36a,11864,Women in AI: Pitch Competition,pitch_competition,2026-09-10T16:00:00+00:00,https://www.abwippm.org/events-1/women-in-ai-pitch-competition,,,needs_organizer_review,,,bc149e43084e7e39d98e3faaa3ad4221aa4b16d3,0dfbb85c8ecd14aaa3f8b79ca726a997ebd39d30,upcoming_events.json,needs_recipient_research
090558e743f29eed7119f8b8,7136,Pitch Labs for Entrepreneurs - Shirlington Library,pitch_practice,2026-06-27T18:00:00+00:00,https://www.meetup.com/pitch-labs/events/315248814/,Pitch Labs,https://www.meetup.com/pitch-labs/,source_label_only,Arlington,"Styled after a 'pitch competition', this event is for entrepreneurs, and the entrepreneurial-curious. Learn about on-going initiatives from local area founders, and there will be ample time for networking.

This event will bring together start-up founders and enthusiasts in the DMV area for an exciting opportunity to hear about a fellow founder, and give feedback on their pitch and product, and get to network around founders from the area.

## Details

**Location:**
4200 Campbell Avenue Arlington, Virginia 22206

**Our Agenda:**
1\. Basic group introductions
2\. First ""Pitch"" Presentation \(\~10 minutes\)
3\. Community Q&A
4\. Second ""Pitch"" Presentation \(\~10 minutes\)
5\. Community Q&A
6\. Third ""Pitch"" Presentaton \(\~10 minutes\)
7\. Community Q&A
8\. Break out sessions & general networking

**Speakers**

Chelsea Acheampong (Nova Hospitality): Nova Hospitality is a consumer travel platform connecting conscious travelers directly with verified eco-lodges and community-run properties, redirecting tourism revenue back into local communities through transparent impact verification and direct booking

Cameron Peltz (Caldarium): Caldarium is a health admin tech company building software solutions for medical practices, to automate prior authorization paperwork and detect errors in reimbursement claims, to ensure compliance and reduce their rate of rejection by Medicare and insurance payers, getting patients the medicine and surgeries they need more quickly and reliably, and doctor's offices paid for their properly documented procedures correctly the first time and therefore in consistent better financial health.

Achinth Murali (Open Judgement Engineering): The Open Judgment Engine (OJE) is an open-source methodology and AI-assisted platform that captures the reasoning behind non-routine engineering decisions — when a judgment applies, when it doesn’t, what the expert does, why it works, and what failure it guards against — as structured, attributed artifacts called Judgment Primitives, embedded directly into the workflow gates where engineers already make those decisions. The goal is to make expert engineering judgment portable, searchable, and permanent — so that when a senior engineer retires, the reasoning behind their decisions doesn’t retire with them.​​​​​​​​​​​​​​​​

Join us for our monthly Pitch Labs meetup! This event will bring together start-up founders and enthusiasts in the DMV area for an exciting opportunity to hear about a fellow founder, and give feedback on their pitch and product, and get to network around founders from the area.

Pitch Labs is a member of the [DMV Petri Dish Network](https://www.dmvpetridish.com/ ""https://www.dmvpetridish.com/"").

During the event, our volunteer team will be capturing photos and video footage for use in promotional materials and on social media. If you prefer not to appear in any photographs or recordings, please let us know in advance, and we will be happy to accommodate your request.",d46bcd4edd4a829cc4ad1bc6b57066f7c556f454,4ef27a20e93ed370a90c9c5383754c9b3b0bdc8d,baltimore/upcoming_events.json,named_participants
09684da380fb24bbeca59895,998,Cohort 14 Demo Day | Conscious Venture Lab Program,demo_showcase,2026-01-15T17:00:00-04:00,https://www.eventbrite.com/e/cohort-14-demo-day-conscious-venture-lab-program-tickets-1974502657601,,,needs_organizer_review,,"Demo Day is an opportunity for the 11 companies taking part in the 14th cohort of the Novella Center for Entrepreneurship’s Conscious Venture Lab Accelerator Program to present their hard work, growth, and achievements with our community since joining our 14-week hybrid accelerator program in September 2025. These founders have:",d7bb93e97d4e34feca5ac3c8f69414b7b97f7db8,5a3cd677b2ac26321e59f4010c113ce2f1dcedfb,baltimore/upcoming_events.json,needs_recipient_research
0b084b481941c3fa468c2783,2137,Takia Ross: So You Want to Pitch,pitch_practice,2026-04-23T12:00:00-04:00,https://www.eventbrite.com/e/takia-ross-so-you-want-to-pitch-tickets-1987021117652,,https://www.eventbrite.com/o/34179073381,needs_organizer_review,,"Takia Ross, founder of Accessmatized and Takia Ross & Associates, will share her insights on the art and science of creating a winning",c5fc57da41177106426fa6908a96bee1e8eb5e74,59ff9f571e8c23a7c45670af5dab34d09879b699,baltimore/upcoming_events.json,needs_recipient_research
0c1dddc1ac338ae5c43b1741,1564,Pitch and Mingle Series: The Lucky Pitch,pitch_practice,2026-03-26T17:00:00-04:00,https://www.eventbrite.com/e/pitch-and-mingle-series-the-lucky-pitch-tickets-1975288324552,,,needs_organizer_review,,Join us for our Pitch and Mingle,6ed377971b830b40227dfbb5d2784c97c02fe794,19f559ad23860efda90b1677fc9fd256f6093075,baltimore/upcoming_events.json,needs_recipient_research
0ef8a47d614dbef8274d36ef,5616,Future Founders: University Innovators Pitch Competition Application Deadline,pitch_competition,2026-06-09T03:59:00+00:00,https://www.tedcomd.com/future-founders-university-innovators-pitch-competition-application-deadline,tedcomd.com,https://www.tedcomd.com/events/,source_label_only,,MyTEDCO,486f9f3ac266ff273ef60c861c28c600e5506830,248bd8e6a926a159bb0dd4804f1b2a503734acde,baltimore/upcoming_events.json,needs_recipient_research
10d02164fae95e02c95c4ba3,4052,MTC CRC May ChesaPitch,pitch_competition,2026-05-20T15:00:00-04:00,https://members.mdtechcouncil.com/eventcalendar/Details/mtc-crc-may-chesapitch-1681166?sourceTypeId=Website,,https://members.mdtechcouncil.com/eventcalendar,needs_organizer_review,,"MTC CRC will host their second ChesaPitch of 2026 on May 20, 2026.",c57c9aa00dbc56d34c4864b1c476941c1e345002,a9cf7de10159fef63bcab1148485c7216c2f98b0,baltimore/upcoming_events.json,needs_recipient_research
15341df7ec4b6faee767378f,8067,Baltimore Bitcoin & BlockchAIn Bootcamp!,description_match,2026-07-14T01:00:00+00:00,https://www.meetup.com/baltimorebitcoin/events/314922804/,Baltimore Bitcoin,https://www.meetup.com/baltimorebitcoin/events/,source_label_only,Laurel,"**BALTIMORE BITCOIN & THE 2026 BLOCKCHAIN BOOTCAMP!**

**Hey Baltimore Bitcoin Family,**

The Maryland digital asset scene is changing fast, and our community is taking a major seat at the table. We are proud to officially announce that **Baltimore Bitcoin** is partnering up to support the absolute biggest event of the summer: the **Maryland BlockchAIn Bootcamp & Workforce Expo**!

We are stepping out from our usual local venues to help drive this massive regional initiative. This is a direct invitation to every single member of our meetup group to support and share the message to join us, and show the mid-Atlantic tech corridor the strength of the Baltimore community.

**📅 The Details: Mark Your Calendars**

* **Dates:** July 13–17, 2026
* **Location:** Capitol Technology University, Laurel, MD
* **Format:** Multi-Day Elite Conference, Trade Show & Investment Pitch Event

**Why Our Meetup Members Need to Register:**

As a community, we love Bitcoin, the tech, the sovereign utility, and the economics of digital assets. The Bootcamp takes those concepts and bridges them directly into commercial enterprise, public policy, and institutional frameworks:

* **Massive Speaker Lineup:** You will be in the room with global Web3 powerhouses, including **Lou Kerner** (Founder of *CryptoMondays*) and **Michael Terpin** (Co-Founder of **BitAngels**) and others.
* **Live BitAngels Pitch Competition:** Do you have a business to pitch? Register to share.
* **Support Our Efforts To Create New Maryland Laws**
* **Workshops Built for Real Utility**
* **Elite Networking & Infrastructure**

**Meetup Member Call to Action: Grab Your Passes!**

This isn't just an event to sit back and watch—it's a space for Baltimore Bitcoin to lead the conversation. Because the daily attendance limits are strictly capped to ensure premier professional networking, passes are moving incredibly fast.

Let’s ensure Charm City is fully represented in the room this July. Lock down your registration, support the meetup's biggest partnership yet, and let's build the future of Maryland's digital economy together.

Interested in Speaking or Exhibiting? Reach out to Jacqui via email at info@marylandblockchainassociation.org.

Advanced registration is required.

**RSVP by visiting https://marylandblockchainassociation.org/summer-conference/**

> **Co-Hosted By:** **Baltimore Bitcoin**, **The Maryland Blockchain Association (MDBA)**, and **The Blockchain Legal Institute (BLI)**",842d2a262b8e30fa7673e4a168c1c1ba06514623,ddaefe4d9a1cb79af2ac1bed779cb7020c5eb798,baltimore/upcoming_events.json,needs_recipient_research
15d6cc8bf5e72c12be68b59f,23,Techstars AI Health Baltimore Demo Day,demo_showcase,2025-06-05T21:30:00.000Z,https://lu.ma/k5mgdolz,,,needs_organizer_review,,"Event Location: M&T Bank Stadium. Enter the venue at Gate F located near the corner of Russel St. and W. Hamburg St. 

Parking Location: Free parking in Lot N at M&T Bank Stadium. The event map is linked to the parking lot. From the lot follow signs to Gate F.

-------

Join us for Demo Day! 

Calling all Baltimore startup champions and Techstars allies! Mark your calendars for June 5th, 2025 and join us at M&T Bank Stadium to celebrate the debut of the inaugural class of the flagship accelerator - Techstars AI Health Baltimore powered by Johns Hopkins University and CareFirst BlueCross BlueShield.  

Be there as our cohort of ambitious founders demonstrates their innovative approaches to improving healthcare solutions. Get ready for a fast-paced evening with guest speakers, live pitches, networking, and complimentary food and drink.

If you’d like, take a peek at the Techstars AI Health Baltimore Spring 2025 cohort in advance:

• AidRx (Calgary, AB, Canada)

• Behaivior (Pittsburgh, PA, USA)

• Compose Health (Ottawa, ON, Canada)

• Embryoxite (Buenos Aires, Argentina)

• Galen Health (Windsor, OH, USA)

• Opal (Tampa, FL, USA)

• Sloop (New York, NY, USA)

• Valio (Indianapolis, IN, USA)

__________________________________________________

​​​A tremendous thank you to our partners - Johns Hopkins University and CareFirst BlueCross BlueShield. 

Our founders benefit greatly from Johns Hopkins' expertise in translating research into viable businesses and CareFirst's deep understanding of delivering accessible, equitable, and high-quality healthcare, not to mention our partners' unparalleled commitment to Baltimore City!

We also appreciate support from Brex, a corporate Techstars partner.

By clicking registering for this event, you are agreeing to our Terms of Use, Privacy Policy, and Media Release. If you have questions please reach out to privacy@techstars.com.​​​Techstars Privacy PolicyTechstars Terms of UseTechstars Media Release",2af817efb5e09506185faab796b19e70b97c0e02,93c5b62cac64d671db7e89f18e76e2ee5035911a,upcoming_events.json,named_participants
18703756bc6427b65b6a5aa8,61,NCE Conscious Venture Lab Accelerator Program Cohort 13 Demo Day,demo_showcase,2025-06-24T17:30:00-04:00,https://www.eventbrite.com/e/nce-conscious-venture-lab-accelerator-program-cohort-13-demo-day-tickets-1381181042679?aff=ebdsoporgprofile,,,needs_organizer_review,,Meet the 11 startups reimagining the future of capitalism in cohort 13 of the CVL Accelerator Program!,3b3cf938b23f3973a305a0fede0cdbb30566a45a,fe3c406739df55f0fbf1931cbb3b69afe12d53a7,upcoming_events.json,needs_recipient_research
1a7bc025b0c1e80984130f74,14530,Pitch & Mingle Series: The Great Pumpkin Pitch,pitch_practice,2026-10-15T21:00:00+00:00,https://www.eventbrite.com/e/pitch-mingle-series-the-great-pumpkin-pitch-tickets-1998218487286,Howard County Economic Development Authority,https://www.eventbrite.com/o/howard-county-economic-development-authority-2805856464,source_label_only,Columbia,Pitch & Mingle Series: The Great Pumpkin Pitch,d8e4008e72b77325cfb59397a4ab59c36e8ddc7c,33dd6f9a56f2cbda3c3ad22b2b729b774182d461,baltimore/upcoming_events.json,needs_recipient_research
1b16f8075de8af454eb920a9,14531,[VIRTUAL] Information Session: CoMotion Labs Climate Tech Incubator,incubation_acceleration,2026-10-15T21:00:00+00:00,https://luma.com/y7kzq0bc,Bill's Journey Into AI,https://luma.com/bill,source_label_only,virtual,,aaee2567ded96ce7b8bbe9e54bba5196e10ad775,33dd6f9a56f2cbda3c3ad22b2b729b774182d461,upcoming_events.json,needs_recipient_research
22abca9d856a7ea565ad1159,1931,HoCo Higher Accelerator: Fast Track,incubation_acceleration,2026-04-14T17:30:00-04:00,https://www.eventbrite.com/e/hoco-higher-accelerator-fast-track-tickets-1974977395555,,https://www.eventbrite.com/o/howard-county-economic-development-authority-2805856464,needs_organizer_review,,"A 10-week accelerator for early-stage founders to build, test, and grow their business with expert-led sessions and hands-on",95243f4e1b1b2652b608b67d1c330f631330e9c9,ab1dce0285fb4bfb67678bf04166ff0c35a11687,baltimore/upcoming_events.json,needs_recipient_research
2913721fd154fb559eb15ea4,3674,Pitch Labs for Entrepreneurs - Fairfax (FDEC),pitch_practice,2026-05-16T14:00:00+00:00,https://www.meetup.com/pitch-labs/events/314748564/,Pitch Labs,https://www.meetup.com/pitch-labs/,source_label_only,Fairfax,"Styled after a 'pitch competition', this event is for entrepreneurs, and the entrepreneurial-curious. Learn about on-going initiatives from local area founders, and there will be ample time for networking.

This event will bring together start-up founders and enthusiasts in the DMV area for an exciting opportunity to hear about a fellow founder, and give feedback on their pitch and product, and get to network around founders from the area.

## Details

**Location:**
Find is the Large Conference Room, on the ground floor of 10300 Eaton Pl, Fairfax, VA 22030

**Our Agenda:**
1\. Basic group introductions
2\. First ""Pitch"" Presentation \(\~15 minutes\)
3\. Community Q&A
4\. Second ""Pitch"" Presentation \(\~15 minutes\)
5\. Community Q&A
6\. Break out sessions & general networking
More information will be provided as we get closer to the meetup.

**Speakers**
Giulia Cajati will present on MiFido - a science-backed wellness app that helps you regulate your nervous system and build intentional, aligned habits while learning to let go of control so you can feel calmer and clearer.

Shafee IbnaAmin will present Sentype - a cutting edge news analytics platform for hedgefunds and day traders, currently in the MVP phase.

Rob Long will present Countacus - an accounting solution for solopreneurs and entrepreneurs who want to stay organized without the learning curve.

Other speakers will be announced shortly!

Check back shortly, speakers will be announced soon!

Join us for our monthly Pitch Labs meetup! This event will bring together start-up founders and enthusiasts in the DMV area for an exciting opportunity to hear about a fellow founder, and give feedback on their pitch and product, and get to network around founders from the area.

Pitch Labs is a member of the [DMV Petri Dish Network](https://www.dmvpetridish.com/ ""https://www.dmvpetridish.com/"").

During the event, our volunteer team will be capturing photos and video footage for use in promotional materials and on social media. If you prefer not to appear in any photographs or recordings, please let us know in advance, and we will be happy to accommodate your request.",fdef8339f5e8152e568f3b6edb83407612e78648,901790f8dfb6ac1d71493b434fea51666489d431,baltimore/upcoming_events.json,named_participants
2a4358cc56a8676f635d0766,4079,MTC CRC May ChesaPitch,pitch_competition,2026-05-20T19:00:00+00:00,https://www.tedcomd.com/mtc-crc-may-chesapitch,tedcomd.com,https://www.tedcomd.com/events/,source_label_only,,MyTEDCO,2125acf4f120a362d411b4814fedf59c6802edc1,44d95d5b61516845e153c9fa1940378543e30ca6,baltimore/upcoming_events.json,needs_recipient_research
2bbd9652daaccd6bbb0a6e5d,8718,Women In AI Pitch Competition,pitch_competition,2026-07-23T16:00:00+00:00,https://www.abwippm.org/events-1/women-in-ai-pitch-competition-2026-07-23-12-00,,,needs_organizer_review,,"Watch innovative women bring bold AI ideas to life as they pitch solutions designed to elevate business performance and spark growth. Join us to celebrate innovation, connect with leaders, and see standout ideas earn up to $25,000 in partner-funded Proof of Concept Funding to support your AI project",0563978b83635175da927e87fce8d0cba270bea2,27e7c86c18b507eea7d24b2878387ccdbbbc85ca,upcoming_events.json,needs_recipient_research
2c212446ce2fdc132a16f0d5,866,The Big Idea CONNECTpreneur Holiday Breakfast & Pitch Extravaganza,pitch_practice,2025-12-16T08:00:00-05:00,https://www.tedcomd.com/big-idea-connectpreneur-holiday-breakfast-pitch-extravaganza,,,needs_organizer_review,,MyTEDCO,84949d83ac7b2ade8e50ad71f572a88dcb7e65a8,08e8fa28b01f0aaa71f2b9837eda078fc64e086d,baltimore/upcoming_events.json,needs_recipient_research
2d0ddf1a8466f9558b17aa6d,704,Morgan State University: Entrepreneurs Showcase- Pitch Competition,pitch_competition,2025-11-19T17:30:00-05:00,https://www.tedcomd.com/morgan-state-university-entrepreneurs-showcase-pitch-competition,,,needs_organizer_review,,MyTEDCO,f7fa143e84d7071f0dbf127c58d62fb357ed702d,84949d83ac7b2ade8e50ad71f572a88dcb7e65a8,baltimore/upcoming_events.json,needs_recipient_research
2d541b4d25632bef1161fd08,11859,Living Labs as Climate Policy Accelerators: How universities are co-creating climate solutions that inform policy and strengthening communities,excluded,2026-09-10T16:00:00+00:00,https://www.aashe.org/calendar/living-labs-as-climate-policy-accelerators-how-universities-are-co-creating-climate-solutions-that-inform-policy-and-strengthening-communities/,AASHE 2026 Conference and Expo,https://www.aashe.org/conference/,source_label_only,,"<p>For more info and/or to register, visit https://universitiesforclimate.org/events/september-global-thematic-dialogue-living-labs-as-climate-policy-accelerators/</p>\n",9ffd957791e59cdc04cf4c005fbb75c601145d52,0dfbb85c8ecd14aaa3f8b79ca726a997ebd39d30,baltimore/upcoming_events.json,needs_recipient_research
31c6eb0090048114c91d8a9f,6409,Civic Builders: Pitch & Demo Night,pitch_practice,2026-06-17T22:00:00+00:00,https://luma.com/civic-ulhb,lu.ma,https://lu.ma/civic-tech-dc,needs_organizer_review,,,901790f8dfb6ac1d71493b434fea51666489d431,a7547bd6f6bfeb145a2eb2065da8498b1ae15d77,upcoming_events.json,needs_recipient_research
31f12ee36eac53fad917ab5e,1669,2026 Agora Venture Competition Application Deadline,pitch_competition,2026-03-31T23:59:00-04:00,https://www.tedcomd.com/2026-agora-venture-competition-application-deadline,,https://www.tedcomd.com/events/,needs_organizer_review,,MyTEDCO,1d52433eb376acc0a6830ef037f55f3f8f04ba10,c3c0d716432569c1d5798f42b8958a871c37fba2,baltimore/upcoming_events.json,needs_recipient_research
33710bb7485f200eab6c0951,10030,Cb: Tech & Innovation Internship Demo Day,demo_showcase,2026-08-12T17:00:00+00:00,https://luma.com/cbinternshowcase26,luma.com,https://luma.com/1philadelphia,needs_organizer_review,,,79a63edb77d8aa1eb6c795ab7f956fd0771d381a,95c2f46404fb83d89caa812515d403a693549c35,upcoming_events.json,needs_recipient_research
36bd90dc42300f9911ed4224,1670,Amazon Web Services AI Pitch Competition- Entry Deadline,pitch_competition,2026-03-31T23:59:00-04:00,https://www.tedcomd.com/amazon-web-services-ai-pitch-competition-entry-deadline,,https://www.tedcomd.com/events/,needs_organizer_review,,MyTEDCO,9c2a9cc0a40435b1431a5e99cb70c95e20bbcc21,c3c0d716432569c1d5798f42b8958a871c37fba2,baltimore/upcoming_events.json,needs_recipient_research
36f105aa879e62d71985d0d3,336,Accelerator Showcase,demo_showcase,2025-09-15T12:00:00-0400,https://www.towson.edu/startup/programs/community-entrepreneurship/accelerator/showcase.html,,,needs_organizer_review,,"Join the fellows of the StarTUp Accelerator as they pitch their ventures to campus,
                                 community and business leaders.",d5d478b9838b5b0a77d095c6245899e49df263e9,6a576b40e967b3e8c962af5107821a27880203a8,baltimore/upcoming_events.json,needs_recipient_research
37475d09004d1e12984fa182,2734,"MLB Pitch, Hit, and Run",excluded,2026-05-05T23:00:00+00:00,https://www.pgparks.com/event_list/mlb-pitch-hit-and-run/,Prince George's Parks Events,https://www.pgparks.com/events,source_label_only,,<p>Showcase your baseball skills! Come out and participate in the official skills competition of Major League Baseball.</p>\n,a3c9a45d42b577f9dce71cc951275a4e2ebefd95,a3c9a45d42b577f9dce71cc951275a4e2ebefd95,baltimore/upcoming_events.json,needs_recipient_research
378eb78bdeca05d96f2740e7,2087,HoCo Higher Accelerator: Fast Track [Active Cohort],incubation_acceleration,2026-04-21T17:30:00-04:00,https://www.eventbrite.com/e/hoco-higher-accelerator-fast-track-active-cohort-tickets-1987536285533,,https://www.eventbrite.com/o/howard-county-economic-development-authority-2805856464,needs_organizer_review,,"A 10-week accelerator for early-stage founders to build, test, and grow their business with expert-led sessions and hands-on",a9cf7de10159fef63bcab1148485c7216c2f98b0,ae47d8fb4a4346b22fc95334bfe2c0551923ef20,baltimore/upcoming_events.json,needs_recipient_research
3c8afb7c6ab7e8e076b16110,1787,Bowie State Universitys 9th Annual Bulldog Pitch Competition,pitch_competition,2026-04-07T14:00:00-04:00,https://www.tedcomd.com/bowie-state-universitys-9th-annual-bulldog-pitch-competition,,https://www.tedcomd.com/events/,needs_organizer_review,,MyTEDCO,90719977a61440b12a1aa6850e3da0badb9b348c,284ff66dc9760144ade882c6fbd3db35db54c7d4,baltimore/upcoming_events.json,needs_recipient_research
3e1265ccf85f43e46becf1b3,2986,Art of the Pitch (The Foundry × The Palava Hut),pitch_practice,2026-05-08T19:30:00+00:00,https://lu.ma/thmdtf34,Luma User k0oO7FswDxbAWh0,https://api.lu.ma/user/profile/events-hosting?user_api_id=usr-k0oO7FswDxbAWh0,source_label_only,Philadelphia,,63bb4f2423392fa83d8e4c7d2903b1a776315eba,9654496ae935ae43d1652adc2ca175c2c8bb6f55,baltimore/upcoming_events.json,needs_recipient_research
3f17044e63c5762a7d8b02eb,11,Baltimore Code & Coffee Demo Day,demo_showcase,2025-05-24T11:00:00-04:00,https://www.meetup.com/baltimore-code-and-coffee/events/307627099/,,,needs_organizer_review,Baltimore,"Our Demo Day is a chance for members of the local tech community to show off the cool projects they’ve been working on. Come and enjoy our four participant’s ten minute demos with five minutes for questions.

After the demos, each of the participants will have their own table for you to ask more questions about their work in depth. After 30 mins of this, we will have a vote for the winner.

**SCHEDULE:**
Networking - 11:00am-11:30am
Demos - 11:30am-12:30pm
Table Talk - 12:30pm-1:00pm
Vote 1:00pm-1:10pm
Networking - 1:10pm - 2:00pm

**Venue:**
Reveille Grounds

**PARKING:**
Street parking is plentiful and free on Severn, Bush, and Bayard Streets, especially after 3:30pm and on weekends:The code for the walk-in gate to the Courtyard is 0250#

Once through the gate, Building C is the first building on your left, and Reveille is on the 2nd Floor.

See the venue website (https://www.reveillegrounds.com/location) for more information",c63efa2e4470bbddb71e21fa84054bbf52ba02a7,c63efa2e4470bbddb71e21fa84054bbf52ba02a7,upcoming_events.json,needs_recipient_research
406d735123d00200e7f82da5,8266,2026 Summer Launch Incubator (SLI) Virtual Showcase,demo_showcase,2026-07-16T21:30:00+00:00,https://www.eventbrite.com/e/2026-summer-launch-incubator-sli-virtual-showcase-tickets-1993623926832,eventbrite.com,https://www.eventbrite.com/o/georgetown-entrepreneurship-initiative-23347332259,needs_organizer_review,,2026 Summer Launch Incubator (SLI) Virtual Showcase,1e0cb31783ff9162f004de389ddfd1d0490889dc,8f6da6dd0dca1cc376f5583bbe8a9273ad2d05e5,upcoming_events.json,needs_recipient_research
46311381c533f2960fb5a611,15497,Techstars AI Health Baltimore Demo Day,demo_showcase,2026-12-03T22:30:00+00:00,https://lu.ma/27nucs9o,Techstars AI Health Baltimore,https://luma.com/calendar/cal-vtTwduv5AoHTdyg,source_label_only,Baltimore,,61ad5c1a1a28e4fc359c7f7143a9cbb037ae182c,33dd6f9a56f2cbda3c3ad22b2b729b774182d461,baltimore/upcoming_events.json,needs_recipient_research
48dddad0b5a47c3bd18b97cc,3485,Foundervine Accelerator USA Launch Event,incubation_acceleration,2026-05-14T14:00:00+00:00,https://www.tedcomd.com/foundervine-accelerator-usa-launch-event,tedcomd.com,https://www.tedcomd.com/events/,source_label_only,,MyTEDCO,284ff66dc9760144ade882c6fbd3db35db54c7d4,722d265974eaa1e5beb3c6089485d81a78e2703d,baltimore/upcoming_events.json,needs_recipient_research
4a4ce8fb9462709b720191cc,867,The Big Idea CONNECTpreneur Holiday Breakfast & Pitch Extravaganza,pitch_practice,2025-12-16T08:00:00-05:00,https://www.tedcomd.com/big-idea-connectpreneur-holiday-breakfast-pitch-extravaganza-0,,,needs_organizer_review,,MyTEDCO,25b601c55df22ea43d59574342410eba21f2205e,9e07a164d12e8ebc6c23f39930b7d2c152bd832c,baltimore/upcoming_events.json,needs_recipient_research
4f3e2e83fef9d378d95ecdbd,2825,bwtech’s Startup Showcase (Virtual),demo_showcase,2026-05-06T21:00:00+00:00,https://www.tedcomd.com/bwtechs-startup-showcase-virtual,tedcomd.com,https://www.tedcomd.com/events/,source_label_only,,MyTEDCO,2125acf4f120a362d411b4814fedf59c6802edc1,61e187f6cbfadb1db034da542739875cbde50a5a,baltimore/upcoming_events.json,needs_recipient_research
4ffb4491e70cc6bd3ea5115c,2174,Greater Baltimore Urban League 2026 Business Summit & Pitch Competition,pitch_competition,2026-04-24T17:00:00-04:00,https://www.tedcomd.com/greater-baltimore-urban-league-2026-business-summit-pitch-competition,,https://www.tedcomd.com/events/,needs_organizer_review,,MyTEDCO,90719977a61440b12a1aa6850e3da0badb9b348c,aa81371bbedfdb3c3bc1636f5c35065a21124a0b,baltimore/upcoming_events.json,needs_recipient_research
52fce9fea4f16579cbd8f04c,2830,UBalt’s 14th Annual 'Rise to the Challenge' 2026 Business Pitch Competition,pitch_competition,2026-05-06T21:30:00+00:00,https://www.eventbrite.com/e/ubalts-14th-annual-rise-to-the-challenge-2026-business-pitch-competition-tickets-1980127142587,Center for Entrepreneurship and Innovation,https://www.eventbrite.com/o/34179073381,source_label_only,Baltimore,UBalt’s 14th Annual 'Rise to the Challenge' 2026 Business Pitch Competition,cba5a05b169dd855c77d8d51553d0968d5e9e596,61e187f6cbfadb1db034da542739875cbde50a5a,baltimore/upcoming_events.json,needs_recipient_research
56448f78b19b4843764aab71,6385,Unicorn Pitches - GSD Demo Day,demo_showcase,2026-06-17T17:00:00+00:00,https://www.tedcomd.com/unicorn-pitches-gsd-demo-day-0,tedcomd.com,https://www.tedcomd.com/events/,source_label_only,,MyTEDCO,7ffb28d445f5df20c4202f4ba9f24f5abeb639d4,a7547bd6f6bfeb145a2eb2065da8498b1ae15d77,baltimore/upcoming_events.json,needs_recipient_research
56d23c471a29fcfce4aeb79f,6200,Hacking AI Accelerators: Maxxing Tokens & Outcomes with Rob Ferguson @ Fireworks,program_workshop,2026-06-15T16:00:00+00:00,https://www.meetup.com/ai-performance-engineering-washington-dc/events/313297578/,AI Performance Engineering Washington DC,https://www.meetup.com/ai-performance-engineering-washington-dc/,source_label_only,,"**Zoom link**: [https://us02web.zoom.us/j/82308186562](https://us02web.zoom.us/j/82308186562)

**Talk #0: Introductions and Meetup Updates**
by Chris Fregly and Antje Barth

**Talk #1: Performance and Token Maxxing for AI Startup Founders - Hacking AI Accelerator Programs by Rob Ferguson, VP of Technical & Strategy @ Fireworks.ai (former Head of AI Accelerators @ AWS and Azure)**
In this talk, Rob will describe how the role of the AI startup founder has changed over the last year. He'll also describe ways to hack the AI accelerator programs - as well as maximize token usage. Rob developed the AI accelerator programs at both AWS and Azure - and has a unique perspective on how these programs operate - and how to extract the highest and best outcomes from these programs.

**Zoom link**: [https://us02web.zoom.us/j/82308186562](https://us02web.zoom.us/j/82308186562)

**Related Links**
Github Repo: [http://github.com/cfregly/ai-performance-engineering/](http://github.com/cfregly/ai-performance-engineering/)
O'Reilly Book: [https://www.amazon.com/Systems-Performance-Engineering-Optimizing-Algorithms/dp/B0F47689K8/](https://www.amazon.com/Systems-Performance-Engineering-Optimizing-Algorithms/dp/B0F47689K8/)
YouTube: [https://www.youtube.com/@AIPerformanceEngineering](https://www.youtube.com/@AIPerformanceEngineering)
Generative AI Free Course on DeepLearning.ai: [https://bit.ly/gllm](https://bit.ly/gllm)T",9636696514fd3e9205478c70b5c9b76bc29a568a,0e68739d569c4b48531a1c8d333327062e14e74f,baltimore/upcoming_events.json,needs_recipient_research
578817a87604bbb032bcd846,10888,MTC CRC August ChesaPitch,pitch_competition,2026-08-27T19:00:00+00:00,https://members.mdtechcouncil.com/eventcalendar/Details/mtc-crc-august-chesapitch-1763862?sourceTypeId=Website,members.mdtechcouncil.com,https://members.mdtechcouncil.com/eventcalendar,needs_organizer_review,,MTC CRC will host their third ChesaPitch of 2026. This is the last ChesaPitch before the ChesaPitch Championship in December.,6aee4f2e6c9ce6c97af4ffcf306175a2239e7430,78a35dd2e4823eaf02c687deba3d659828d26a25,baltimore/upcoming_events.json,needs_recipient_research
593d05454f3a89a8e64cd7c4,2806,Climatetech Pitch Party,pitch_practice,2026-05-06T18:30:00+00:00,https://luma.com/e275hjqk,Climate Draft Community,https://luma.com/climatedraft-community,source_label_only,,,54cd762f9b06aa662ebaedba5843dc58000f517f,61e187f6cbfadb1db034da542739875cbde50a5a,upcoming_events.json,needs_recipient_research
5bf6967099ae348e2ec46ca9,713,ChesaPitch 2025,pitch_competition,2025-11-20T15:00:00-04:00,https://members.mdtechcouncil.com/eventcalendar/Details/chesapitch-2025-1454381?sourceTypeId=Website,,,needs_organizer_review,,ChesaPitch 2025 Series and Championship - Where Founders Meet Funders,346d3469835a2ac0993cdb990f569fd3100c35b5,ac6b8fe10719db423e9633418cf8c29bc10c9cf6,baltimore/upcoming_events.json,needs_recipient_research
5cb8982b0ff4bf8b199996be,15232,"Startup Social: Novella Center for Entrepreneurship Founder Showcase, Angel Investing Panel, Immersive Experience",demo_showcase,2026-11-12T21:30:00+00:00,https://spark-baltimore.cobot.me/event/2026-11-12-startup-social-novella-center-for-entrepreneurship-founder-showcase-angel-investing-panel-immersive-experience-0a1a84f1555bfdd4444b9e5f031af73e,sparkcoworking.com,https://sparkcoworking.com/baltimore/,needs_organizer_review,,"Join Spark Coworking and Novella Center for Entrepreneurship for an evening of startup discovery, community connection, and hands-on investing. The event kicks off with open networking and introductions from Spark and Novella Center, followed by a dynamic panel discussion, “How to Invest in a Startup Without a Fund.” Designed for aspiring investors, founders, and curious community members, this conversation will explore what investors look for in early-stage companies, how investment decisions are made, and how anyone can begin supporting startups, even if they’ve never considered themselves an investor before. After the panel, meet the next generation of entrepreneurs during the Novella Center for Entrepreneurship Founder Showcase, where selected founders will pitch their ventures and share their vision for growth. Then, put the panel’s insights into action. Each attendee will receive Spark Bucks, a mock investment currency to allocate among the showcased startups. Cast your vote for the companies you believe have the strongest potential and see how your investment instincts compare with other attendees and our expert panelists. Whether you’re a founder seeking feedback, a professional interested in startup investing, or simply looking to connect with Baltimore’s entrepreneurial ecosystem, this event offers a unique opportunity to learn, engage, and support emerging businesses. Agenda Open NetworkingWelcome & Introductions: Spark x Novella CenterPanel Discussion: How to Invest in a Startup Without a FundNovella Center for Entrepreneurship Founder ShowcaseInteractive Startup Investing with Spark BucksNetworking Reception Come discover great founders, connect with fellow innovators, and experience what it’s like to think and act like an early-stage investor. 🚀",511254d36287b1a91ef62b00967b53f8c977fe63,33dd6f9a56f2cbda3c3ad22b2b729b774182d461,baltimore/upcoming_events.json,needs_recipient_research
5dd0cdc7bebc9247a6846e4c,585,Baltipreneurs Accelerator Program Program Application Deadline,incubation_acceleration,2025-10-31T23:59:00-04:00,https://www.tedcomd.com/baltipreneurs-accelerator-program-program-application-deadline,,,needs_organizer_review,,MyTEDCO,d8a89e2a5e6fd91a078b8294369fcf77c0dbd2a5,346d3469835a2ac0993cdb990f569fd3100c35b5,baltimore/upcoming_events.json,needs_recipient_research
61f12f75992b5559c990c72c,1789,HoCo Higher Accelerator: Fast Track,incubation_acceleration,2026-04-07T17:30:00-04:00,https://www.eventbrite.com/e/hoco-higher-accelerator-fast-track-tickets-1974977395555,,https://www.eventbrite.com/o/howard-county-economic-development-authority-2805856464,needs_organizer_review,,"A 10-week accelerator for early-stage founders to build, test, and grow their business with expert-led sessions and hands-on",86962e4f4d8b570bdeb550d38e97da42b0add32b,1765d2a975bcc26476fa56943d310bf8a59cdad2,baltimore/upcoming_events.json,needs_recipient_research
6224445a817485c5f2fe89d2,1785,Foundervine Accelerator USA Application Deadline,incubation_acceleration,2026-04-07T10:00:00-04:00,https://www.tedcomd.com/foundervine-accelerator-usa-application-deadline,,https://www.tedcomd.com/events/,needs_organizer_review,,MyTEDCO,821092687966da15bf0e2b27ead7e30e2e940dde,284ff66dc9760144ade882c6fbd3db35db54c7d4,baltimore/upcoming_events.json,needs_recipient_research
6496c7600f85dce65314e459,1266,Pitch Labs for Entrepreneurs ,pitch_practice,2026-02-27T18:00:00-05:00,https://www.meetup.com/pitch-labs/events/313316282/,,,needs_organizer_review,Rockville,"Styled after a 'pitch competition', this event is for entrepreneurs, and the entrepreneurial-curious. Learn about on-going initiatives from local area founders, and there will be ample time for networking.

This event will bring together start-up founders and enthusiasts in the DMV area for an exciting opportunity to hear about a fellow founder, and give feedback on their pitch and product, and get to network around founders from the area.

Location:
401 N Washington St, Rockville MD

**Our Agenda:**
1\. Basic group introductions
2\. First ""Pitch"" Presentation \(\~15 minutes\)
3\. Community Q&A
4\. Second ""Pitch"" Presentation \(\~15 minutes\)
5\. Community Q&A
6\. Break out sessions & general networking

More information will be provided as we get closer to the meetup.

**Speakers**

John Kilmer will present on ValiCor US's latest offering H.E.A.T.™ (Human Emotion Analysis Technology). This offering is an AI-powered emotional intelligence platform that measures and analyzes emotional, cognitive, and behavioral signals in real time with validated accuracy. It provides secure, compliant emotional insights that improve decision-making, performance, and human reliability across healthcare, defense, aviation, enterprise, and other high-stakes environments.

Tom Folkes will present on ACURE, which is an AI Librarian with a proprietary and lightweight context method for search - aCURE.info

Pitch Labs is a member of the [DMV Petri Dish Network](https://www.dmvpetridish.com/ ""https://www.dmvpetridish.com/"").

During the event, our volunteer team will be capturing photos and video footage for use in promotional materials and on social media. If you prefer not to appear in any photographs or recordings, please let us know in advance, and we will be happy to accommodate your request.",d428c114f84d06b8b2a94b80d0ac1fbcbf4fef84,aad6208a602fe1b9ba4d8d558eb2e33ced3eacb9,baltimore/upcoming_events.json,named_participants
6584afc997b582fe8059ce2b,11286,Cyber Howard Accelerator- Application Closes,incubation_acceleration,2026-09-02T03:59:00+00:00,https://www.tedcomd.com/cyber-howard-accelerator-application-closes,tedcomd.com,https://www.tedcomd.com/events/,source_label_only,,MyTEDCO,28edd1e57fc67f8b562184e2d2d4696b489e5e27,9527b8f0df175fbbe0ab80e6dd9b5c4c30525947,baltimore/upcoming_events.json,needs_recipient_research
65b2cc8832d153c78e1b158b,3970,CHESAPITCH 2026 - Get a Front-Row Seat to our Shark Tank! - May26,pitch_competition,2026-05-19T19:00:20+00:00,https://gdg.community.dev/events/details/google-gdg-annapolis-presents-chesapitch-2026-get-a-front-row-seat-to-our-shark-tank-may26/,Google Developer Group Chapter 3047,https://gdg.community.dev/chapter/3047,source_label_only,,"Ever wondered what it takes to launch a startup in AI, Cybersecurity, or MedTech? Come to ChesaPitch and watch local ent...",2125acf4f120a362d411b4814fedf59c6802edc1,1ee680e0bfcbd04a765022d14f6b7f121b65af03,baltimore/upcoming_events.json,needs_recipient_research
678a3bfbfa9cbd137bac744c,1563,Pitch and Mingle Series: Investor Showcase,demo_showcase,2026-03-26T17:00:00-04:00,https://www.tedcomd.com/pitch-and-mingle-series-investor-showcase,,https://www.tedcomd.com/events/,needs_organizer_review,,MyTEDCO,b15430a289a4359269d4c60e25ca215f8a9d2fc1,2e3509ddd7bf0c8d1afdab42eb563bde05225217,baltimore/upcoming_events.json,needs_recipient_research
699523a34c668a0efa4b903c,1409,HoCo Higher: CEO Accelerator,incubation_acceleration,2026-03-18T08:00:00-04:00,https://www.eventbrite.com/e/hoco-higher-ceo-accelerator-tickets-1982715925707,,https://www.eventbrite.com/o/howard-county-economic-development-authority-2805856464,needs_organizer_review,,"A 4-week intensive for CEOs ready to scale profitably, strengthen systems, and lead with strategy and",17fe1099c272b010cdae3ffd84a1b1c24a3350f7,f30326a72677f4197568a1a5205064f88a056846,baltimore/upcoming_events.json,needs_recipient_research
699670875409b53f4af9e591,2107,MTC's Inaugural Demo Day,demo_showcase,2026-04-22T09:00:00-04:00,https://www.tedcomd.com/mtcs-inaugural-demo-day,,https://www.tedcomd.com/events/,needs_organizer_review,,MyTEDCO,59293073cd3a3dfa466dc330bb348870c6dc78e4,ab1dce0285fb4bfb67678bf04166ff0c35a11687,baltimore/upcoming_events.json,needs_recipient_research
6bae888873ab7c593faebe63,1955,Pitch Labs for Entrepreneurs @ Startup Shell ,pitch_practice,2026-04-15T18:30:00-04:00,https://www.meetup.com/pitch-labs/events/314077533/,,https://www.meetup.com/pitch-labs/,needs_organizer_review,College Park,"Styled after a 'pitch competition', this event is for entrepreneurs, and the entrepreneurial-curious. Learn about on-going initiatives from local area founders, and there will be ample time for networking.

This event will bring together start-up founders and enthusiasts in the DMV area for an exciting opportunity to hear about a fellow founder, and give feedback on their pitch and product, and get to network around founders from the area.

At this event we are partnering with Startup Shell, a part of the University of Maryland, College Park ecosystem.

Location:
Startup Shell, 4462 Stadium Dr room 1101, College Park, MD 20740, USA

Parking:
For our campus partners -
Parking Lot CC1 is available for free after 4pm so guests can park there.

https://transportation.umd.edu/sites/default/files/2026-02/Campus-parking-map.pdf

**Our Agenda:**
1\. Basic introductions
2\. First ""Pitch"" Presentation \(\~10 minutes\)
3\. Community Q&A
4\. Second ""Pitch"" Presentation \(\~10 minutes\)
5\. Community Q&A
6\. Third ""Pitch"" Presentation \(\~10 minutes\)
7\. Community Q&A
8\. 60 second fire\-pitches \(limited slots\, and first\-come\-first\-served\)
9\. Break out sessions & general networking

More information will be provided as we get closer to the meetup.

**Speakers**
Yuan He will present on N0S.AI - a decision intelligence platform built for professional investors and fund managers. It leverages four core AI agents, each delivering a key feature to improve investor’s circle of competency during the qualitative investment decision process.

Two other speakers will be announced shortly, check back soon!

Check back shortly, speakers will be announced soon!

Pitch Labs is a member of the [DMV Petri Dish Network](https://www.dmvpetridish.com/ ""https://www.dmvpetridish.com/"").

During the event, our volunteer team will be capturing photos and video footage for use in promotional materials and on social media. If you prefer not to appear in any photographs or recordings, please let us know in advance, and we will be happy to accommodate your request.",7317751c89792446ad86004608428b58e75d696e,a9cf7de10159fef63bcab1148485c7216c2f98b0,baltimore/upcoming_events.json,named_participants
6d5d28a7acb7c4844a23a260,3344,Market Pulse Pitch - MedTech,pitch_practice,2026-05-12T21:00:00+00:00,https://www.eventbrite.com/e/market-pulse-pitch-medtech-tickets-1986902495851,Howard County Economic Development Authority,https://www.eventbrite.com/o/howard-county-economic-development-authority-2805856464,source_label_only,Columbia,Market Pulse Pitch - MedTech,284ff66dc9760144ade882c6fbd3db35db54c7d4,392fa4436ae7f1c616777dff1539269051e867c1,baltimore/upcoming_events.json,needs_recipient_research
71ebc62ede395e156f13d2f6,40,Conscious Venture Lab Accelerator Program Cohort 13 Demo Day,demo_showcase,2025-06-13T17:30:00-04:00,https://www.eventbrite.com/e/conscious-venture-lab-accelerator-program-cohort-13-demo-day-tickets,,,needs_organizer_review,,"Meet the eleven startups reimagining the future of capitalism in cohort 13 of the CVL Accelerator Program! We’ve been working with 11 purpose driven founders since March in industries including healthtech, edtech, and fintech on reshaping the future of capitalism and using the power of business to create a more just, joyous, equitable and prosperous society for us all. They are excited to present their innovative technology creating social impact at our program’s culminating event in June. Cohort 13 Demo Day is certain to be an engaging and impactful evening of learning, networking, and showcasing the power of entrepreneurship in Baltimore.",3841a6017251751681cb445260340009c17ea433,4bd40b54573730677d0b6899e6de7c18f68d9148,upcoming_events.json,needs_recipient_research
75d7f0a70d270dd2c9c8627e,2078,Lynda Katz Wilner: Make Your Pitch Stand Out,pitch_practice,2026-04-21T12:00:00-04:00,https://www.eventbrite.com/e/lynda-katz-wilner-make-your-pitch-stand-out-tickets-1987021595080,,https://www.eventbrite.com/o/34179073381,needs_organizer_review,,"Lynda Katz Wilner, Successfully Speaking, is holding a workshop about learning to improve your visual, vocal and verbal presentation",c5fc57da41177106426fa6908a96bee1e8eb5e74,a9cf7de10159fef63bcab1148485c7216c2f98b0,baltimore/upcoming_events.json,needs_recipient_research
7761b18ba663186eeda3a14a,1400,UBalt AI-Enabled Business Accelerator Demo Day,demo_showcase,2026-03-17T17:30:00-04:00,https://www.eventbrite.com/e/ubalt-ai-enabled-business-accelerator-demo-day-tickets-1982407306619,,https://www.eventbrite.com/o/34179073381,needs_organizer_review,,Live pitches from AI-enabled Baltimore startups at UBalt’s inaugural AI-Enabled Business Accelerator Demo,cba5a05b169dd855c77d8d51553d0968d5e9e596,f30326a72677f4197568a1a5205064f88a056846,baltimore/upcoming_events.json,needs_recipient_research
78ca8560d8138bf8a7ddffd4,12622,Pitch Labs for Entrepreneurs - Fairfax (FDEC),pitch_practice,2026-09-19T14:00:00+00:00,https://www.meetup.com/pitch-labs/events/316352727/,Pitch Labs,https://www.meetup.com/pitch-labs/,source_label_only,Fairfax,"Styled after a 'pitch competition', this event is for entrepreneurs, and the entrepreneurial-curious. Learn about on-going initiatives from local area founders, and there will be ample time for networking.

This event will bring together start-up founders and enthusiasts in the DMV area for an exciting opportunity to hear about a fellow founder, and give feedback on their pitch and product, and get to network around founders from the area.

## Details

**Location:**
Find is the Large Conference Room, on the ground floor of 10300 Eaton Pl, Fairfax, VA 22030

**Our Agenda:**
1\. Basic group introductions
2\. First ""Pitch"" Presentation \(\~15 minutes\)
3\. Community Q&A
4\. Second ""Pitch"" Presentation \(\~15 minutes\)
5\. Community Q&A
6\. Break out sessions & general networking
More information will be provided as we get closer to the meetup.

**Speakers**

Check back shortly, speakers will be announced soon!

Join us for our monthly Pitch Labs meetup! This event will bring together start-up founders and enthusiasts in the DMV area for an exciting opportunity to hear about a fellow founder, and give feedback on their pitch and product, and get to network around founders from the area.

Pitch Labs is a member of the [DMV Petri Dish Network](https://www.dmvpetridish.com/ ""https://www.dmvpetridish.com/"").

During the event, our volunteer team will be capturing photos and video footage for use in promotional materials and on social media. If you prefer not to appear in any photographs or recordings, please let us know in advance, and we will be happy to accommodate your request.",9ffd957791e59cdc04cf4c005fbb75c601145d52,a49e32681ac4b9043ecffd4c6d5083f44c3b37be,baltimore/upcoming_events.json,needs_recipient_research
7b950672ade4936f140c3fd8,1568,"Maryland VC Fast Pitch. Pitch, Connect, Fund!",pitch_practice,2026-03-26T18:00:00-04:00,https://www.tedcomd.com/maryland-vc-fast-pitch-pitch-connect-fund,,https://www.tedcomd.com/events/,needs_organizer_review,,MyTEDCO,9636696514fd3e9205478c70b5c9b76bc29a568a,2e3509ddd7bf0c8d1afdab42eb563bde05225217,baltimore/upcoming_events.json,needs_recipient_research
7d301aea61e042a941970119,5097,Start Up Zone Connect and Pitch,pitch_practice,2026-06-03T12:30:00+00:00,https://members.mdtechcouncil.com/eventcalendar/Details/start-up-zone-connect-and-pitch-1663331?sourceTypeId=Website,members.mdtechcouncil.com,https://members.mdtechcouncil.com/eventcalendar,needs_organizer_review,,Join Us on June 3rd for MTC's Start Up Zone Connect and Pitch (formerly named Demo Day).,ab1dce0285fb4bfb67678bf04166ff0c35a11687,74c9b07c8a4173b19656605296b0e5ed69b7be04,baltimore/upcoming_events.json,needs_recipient_research
7fe416741705d147b05eabf9,3967,MTC CRC May ChesaPitch,pitch_competition,2026-05-19T19:00:00+00:00,https://members.mdtechcouncil.com/eventcalendar/Details/mtc-crc-may-chesapitch-1681166?sourceTypeId=Website,members.mdtechcouncil.com,https://members.mdtechcouncil.com/eventcalendar,needs_organizer_review,,"MTC CRC will host their second ChesaPitch of 2026 on May 19, 2026.",2125acf4f120a362d411b4814fedf59c6802edc1,a1d6cd2ed81e21509969ab86b7c8f3d595435d54,baltimore/upcoming_events.json,needs_recipient_research
8474071026d08c70f47a2b66,2701,HoCo Higher: CEO Accelerator,incubation_acceleration,2026-05-05T12:00:00+00:00,https://www.eventbrite.com/e/hoco-higher-ceo-accelerator-tickets-1986663220171,Howard County Economic Development Authority,https://www.eventbrite.com/o/howard-county-economic-development-authority-2805856464,source_label_only,Columbia,HoCo Higher: CEO Accelerator,81d925ce1d26de365fca68f852cd6f6fe27ab1c4,edd3feed5c84a615e1743c6b02388863a157c558,baltimore/upcoming_events.json,needs_recipient_research
8875d668449d31fc9444951f,3260,Maryland NEW VENTURE Pitch Night 2026!,pitch_practice,2026-05-11T21:00:00+00:00,https://bwtech.umbc.edu/event/maryland-new-venture-pitch-night-2026/,bwtech.umbc.edu,https://bwtech.umbc.edu/events/,needs_organizer_review,,"CLICK HERE to Reserve Your Seat!  Maryland NEW VENTURE Pitch Night, 2026! Monday, May 11, 2026 5:00...",66f73bbc56ec0789c4556308878a3ec4a9a05ad0,392fa4436ae7f1c616777dff1539269051e867c1,baltimore/upcoming_events.json,needs_recipient_research
8d1e95a90af0c54e0e3879e7,14710,Market Pulse: Cyber Howard Challenge Pitch,pitch_practice,2026-10-20T21:00:00+00:00,https://www.eventbrite.com/e/market-pulse-cyber-howard-challenge-pitch-tickets-2000657346981,Howard County Economic Development Authority,https://www.eventbrite.com/o/howard-county-economic-development-authority-2805856464,source_label_only,Columbia,Market Pulse: Cyber Howard Challenge Pitch,9c54bd247ee9657856d8529b8e1d7e1793de365f,33dd6f9a56f2cbda3c3ad22b2b729b774182d461,baltimore/upcoming_events.json,needs_recipient_research
8d3627e1fd29a34b6368fa31,2106,MTC's Inaugural Demo Day,demo_showcase,2026-04-22T09:00:00-04:00,https://members.mdtechcouncil.com/eventcalendar/Details/mtc-s-inaugural-demo-day-1663331?sourceTypeId=Website,,https://members.mdtechcouncil.com/eventcalendar,needs_organizer_review,,Join Us on April 22nd for an engaging Demo Day that combines pitches and audience participation.,e8cce152bf7a88cf0965790e055dd4e78906f810,772b084916dcf918842ba8d379719b5ef6979442,baltimore/upcoming_events.json,needs_recipient_research
8dff9dc49d28135af13e89b2,786,Techstars AI Health Baltimore Demo Day,demo_showcase,2025-12-04T17:30:00-05:00,https://www.tedcomd.com/techstars-ai-health-baltimore-demo-day,,,needs_organizer_review,,MyTEDCO,f7fa143e84d7071f0dbf127c58d62fb357ed702d,51bbb0c76960cf8f369b35e737e0e75834fd437c,baltimore/upcoming_events.json,needs_recipient_research
8efc3d4451c9247ab0176c97,2077,Amazon Web Services AI Pitch Competition-In Person,pitch_competition,2026-04-21T10:00:00-04:00,https://www.tedcomd.com/amazon-web-services-ai-pitch-competition-person,,https://www.tedcomd.com/events/,needs_organizer_review,,MyTEDCO,9c2a9cc0a40435b1431a5e99cb70c95e20bbcc21,4e53d78ffddc09ca590d97f7d170c9c46e5807ad,baltimore/upcoming_events.json,needs_recipient_research
90851012b95d06e48be10056,3262,bwtech's Maryland NEW VENTURE Pitch Night,pitch_practice,2026-05-11T21:00:00+00:00,https://www.tedcomd.com/bwtechs-maryland-new-venture-pitch-night,tedcomd.com,https://www.tedcomd.com/events/,source_label_only,,MyTEDCO,ab1dce0285fb4bfb67678bf04166ff0c35a11687,392fa4436ae7f1c616777dff1539269051e867c1,baltimore/upcoming_events.json,needs_recipient_research
90a6ea65a82167d4e03b421c,2083,MEIA Demo Day,demo_showcase,2026-04-21T16:00:00-04:00,https://luma.com/tox0c6un,,https://luma.com/MEIA,needs_organizer_review,,MEIA Demo Day,2b07b11735e61150597ad1138b48994340bb28dc,a15f9415f8da0a840eb721c8fd2e6f563968ef08,baltimore/upcoming_events.json,needs_recipient_research
9313cd0775ad7b3a520fd04e,1100,HBCUFI Spring 2026 Pre-Accelerator: Application Deadline,incubation_acceleration,2026-02-02T23:59:00-05:00,https://www.tedcomd.com/hbcufi-spring-2026-pre-accelerator-application-deadline,,,needs_organizer_review,,MyTEDCO,2b07b11735e61150597ad1138b48994340bb28dc,b2c3f505ecd620275ff65dea9fc2dfee3d4d5e21,baltimore/upcoming_events.json,needs_recipient_research
931b248e6670437498e835dc,1441,Loyola University Baltipreneurs Demo Day,demo_showcase,2026-03-19T18:30:00-04:00,https://www.tedcomd.com/loyola-university-baltipreneurs-demo-day,,https://www.tedcomd.com/events/,needs_organizer_review,,MyTEDCO,a3b45340e623ff54e9e05de2d03474dea2bcd9ca,f30326a72677f4197568a1a5205064f88a056846,baltimore/upcoming_events.json,needs_recipient_research
96ce29d73eb8833e7fe8b048,2105,Start Up Zone Connect and Pitch,pitch_practice,2026-04-22T08:30:00-04:00,https://members.mdtechcouncil.com/eventcalendar/Details/start-up-zone-connect-and-pitch-1663331?sourceTypeId=Website,,https://members.mdtechcouncil.com/eventcalendar,needs_organizer_review,,Join Us on June 3rd for MTC's rescheduled Start Up Zone Connect and Pitch (formerly named Demo Day).,59293073cd3a3dfa466dc330bb348870c6dc78e4,59ff9f571e8c23a7c45670af5dab34d09879b699,baltimore/upcoming_events.json,needs_recipient_research
9846aad4982080e5cc0ac1c7,12056,Pitch & Pints Block Party,excluded,2026-09-12T15:00:00+00:00,https://baltimore.org/event/pitch-pints-block-party/,Visit Baltimore,https://baltimore.org/events/,source_label_only,Baltimore,Rugby Rivalry Starts Here! Join us on Eutaw Street for the ultimate pre-game block party before the rugby rivals go head-to-head as the Springboks take on the All Blacks at M&T Bank Stadium! Enjoy:Local breweriesLive musicFood trucksBaltimore Crushes and beer…,52eb54881238d5255984cd21216e05c0137c257f,abf4db6bd1315da2c77f61d710c999c10af3fe40,baltimore/upcoming_events.json,needs_recipient_research
99750a81ad0b9256aba3f40c,45,Baltimore Code & Coffee Demo Day,demo_showcase,2025-06-14T11:00:00-04:00,https://www.meetup.com/baltimore-code-and-coffee/events/307627099/,,,needs_organizer_review,Baltimore,"Our Demo Day is a chance for members of the local tech community to show off the cool projects they’ve been working on. Come and enjoy our participant’s ten minute demos with five minutes for questions.

We'll have demos on 3D Structural Optimization, GTM partnership automation and more.

After the demos, each of the participants will have their own table for you to ask more questions about their work in depth. After 30 mins of this, we will have a vote for the winner.

**SCHEDULE:**
Networking - 11:00am-11:30am
Demos - 11:30am-12:30pm
Table Talk - 12:30pm-1:00pm
Vote 1:00pm-1:10pm
Networking - 1:10pm - 2:00pm

**Venue:**
Digital Harbor Foundation
1045 Light St. Baltimore, MD 21230

**PARKING:** There is metered street parking. If all else fails, park at the West Street Garage. Residents of Baltimore near Charles St should consider the free Charm City Circulator bus.

**HOW TO FIND US**
Please use the main door at 1045 Light Street. If the door is closed, please ring the doorbell.",693e4735c85b3f35b85b2f7068930c453315f8f7,7eab2ba3ab8512f63dc3c9ddbc58bfc9b8aa1df7,upcoming_events.json,needs_recipient_research
9b138aeed21d4af2a3bc8588,14104,Business Plan & Growth Readiness Incubator Pitch Competition & Graduation,pitch_competition,2026-10-07T14:00:00+00:00,https://share.hsforms.com/2EKy5h0RETwaxFPtrSmIkCgbtz0l,Baltimore Development Corporation Events,https://baltimoredevelopment.com/events/,source_label_only,,"Join us in celebrating the graduation of Baltimore Development Corporation’s (BDC) inaugural Business Plan Growth & Readiness Incubator cohort, where all 11 participants will be honored and three finalists will compete in a pitch competition sponsored by LISC | Verizon Small Business Digital Ready.",aaee2567ded96ce7b8bbe9e54bba5196e10ad775,33dd6f9a56f2cbda3c3ad22b2b729b774182d461,baltimore/upcoming_events.json,needs_recipient_research
9fa172b5389e25f68f649984,2930,Spark’s Startup Social,description_match,2026-05-07T21:30:00+00:00,https://spark-baltimore.cobot.me/event/2026-05-07-spark-s-startup-social-how-to-get-paid-3f28a77864c93dc13cfea0232203f569,sparkcoworking.com,https://sparkcoworking.com/baltimore/,needs_organizer_review,,"Startup Social: How to Get PaidSpark Coworking You’re invited to join us for our next Startup Social. We’re focusing on something every founder eventually faces: how to turn what you’re building into revenue. We’re gathering a small group of founders to share how they approached it early on. The format is conversational but structured, with a mix of short prompts, shared experiences, and open discussion. *Founder Conversation*A moderated discussion with founders sharing how they found their first customers, when they started charging, and what helped things click. Short questions like:– How would you make your first $1K today?– What worked to get your first paying customer?– What you would do differently now? *Open Feedback Moments*We’ll invite a few attendees to share what they’re working on and get perspective from the room. *Student Founder Spotlight*We’ll recognize the Spark Impact Award winners from the Maryland Student Venture Competition, in partnership with Upsurge Baltimore, and hear briefly about what they’re building. *After the conversation*We’ll transition into a relaxed happy hour. Time to meet people, continue conversations, and connect with others in the community. *Bonus*Everyone who attends will receive a complimentary day pass to cowork at Spark at a future date. *Who this is for*Founders working toward their first or next stage of revenuePeople building something new and figuring out what comes nextAnyone who values honest conversations and being in the right room Startup Social is about showing up, sharing openly, and learning from each other.",9e2bd15ece8c66c5dc5e7f6ae03884271170365b,6f8bf4f3f5c88e361a95391ea5e0a101702fd1b7,baltimore/upcoming_events.json,needs_recipient_research
a21efaa96114fe00ed0dbef4,976,HoCo Higher Accelerator: Fast Track,incubation_acceleration,2026-01-13T17:30:00-05:00,https://www.eventbrite.com/e/hoco-higher-accelerator-fast-track-tickets-1974977215015,,,needs_organizer_review,,"A 10-week accelerator for early-stage founders to build, test, and grow their business with expert-led sessions and hands-on",5df64f716b961de69fa78d37ba4deac0530f5e84,702903d928dec70c8c45316b253a0cad1dad1437,baltimore/upcoming_events.json,needs_recipient_research
a2c134eb4a3a29593fbd11be,2822,STARTUP Accelerator Showcase 2026!,demo_showcase,2026-05-06T21:00:00+00:00,https://bwtech.umbc.edu/event/startup-accelerator-showcase-2026/,bwtech.umbc.edu,https://bwtech.umbc.edu/events/,needs_organizer_review,,"STARTUP Accelerator Showcase, 2026 Wednesday, May 6, 2026 5:00 – 6:30 PM Virtual! RESERVE Your Spot Today!...",66f73bbc56ec0789c4556308878a3ec4a9a05ad0,61e187f6cbfadb1db034da542739875cbde50a5a,baltimore/upcoming_events.json,needs_recipient_research
a4704b29196ad388bc8a0f1c,1022,BRITE:  Pitch & Present Series,pitch_practice,2026-01-21T17:30:00-05:00,https://www.eventbrite.com/e/brite-pitch-present-series-tickets-1976460843588,,,needs_organizer_review,,"A hands-on 3-part series to help founders build a strong pitch deck, refine their delivery, and practice presenting for real",5df64f716b961de69fa78d37ba4deac0530f5e84,1dd0399c1114ff286d1cef290c7913be875ba144,baltimore/upcoming_events.json,needs_recipient_research
a8a0b6d08870544516b691a4,6491,"Pitch Tips Meetup with DC DAO, Stand With Crypto and Virginia Blockchain Council",pitch_practice,2026-06-18T21:30:00+00:00,https://lu.ma/atxnfmac,api.lu.ma,https://api.lu.ma/user/profile/events-hosting?user_api_id=usr-dH29J9OUY8BFf5c,needs_organizer_review,Arlington,,eb0205b168fdb272bc23b12fd857db03488bbfdb,278fbff531eef4f9e1478fdc4786c8abe1eefdc8,upcoming_events.json,needs_recipient_research
a95d65300b891d571e82c8f1,1194,MTC CRC ChesaPitch,pitch_competition,2026-02-18T15:00:00-04:00,https://members.mdtechcouncil.com/eventcalendar/Details/mtc-crc-chesapitch-1633520?sourceTypeId=Website,,,needs_organizer_review,,"MTC CRC will host their first ChesaPitch of 2026 on February 18, 2026.",3bb20c993f2936f6d4435d726f48b9712ef26a75,39c02a26aaa54dfd1fad0ad21762d8304d1ebe0a,baltimore/upcoming_events.json,needs_recipient_research
ae410f3c8af6962bdec45862,1203,Maryland Student Venture Showcase,demo_showcase,2026-02-19T12:00:00-04:00,https://gbc.org/event/the-maryland-student-venture-showcase/,,,needs_organizer_review,Baltimore,"The 2026 MD Student Venture Showcase returns on February 19, 2026, bringing together the strongest student-led ventures from across the region selected for $50,000 Pava LaPere Innovation Awards. This annual",25b601c55df22ea43d59574342410eba21f2205e,161c7ef9ded464c1d89dc46b70d117db1428e4a4,baltimore/upcoming_events.json,needs_recipient_research
af4bed25d4237d133309c456,8262,2026 Summer Launch Incubator (SLI) Virtual Showcase,demo_showcase,2026-07-16T21:00:00+00:00,https://www.eventbrite.com/e/2026-summer-launch-incubator-sli-virtual-showcase-tickets-1993623926832,eventbrite.com,https://www.eventbrite.com/o/georgetown-entrepreneurship-initiative-23347332259,needs_organizer_review,,2026 Summer Launch Incubator (SLI) Virtual Showcase,79a63edb77d8aa1eb6c795ab7f956fd0771d381a,55bd576475e1746a7b6e058379c549f994922c09,upcoming_events.json,needs_recipient_research
afc4f88e178e2b62a93d864a,1562,Pitch and Mingle Series: Investor Showcase,demo_showcase,2026-03-26T17:00:00-04:00,https://www.eventbrite.com/e/pitch-and-mingle-series-investor-showcase-tickets-1975288324552,,https://www.eventbrite.com/o/howard-county-economic-development-authority-2805856464,needs_organizer_review,,Network with area investors and other startup,0ab379533f7d1cc0255d9f89c9fa6057bb1e168b,0e10e1d34aa8e6aa465e1b387151d8240dedb22c,baltimore/upcoming_events.json,needs_recipient_research
b31f298cb84f1394f7687e08,2112,Takia Ross: So You Want to Pitch,pitch_practice,2026-04-22T12:00:00-04:00,https://www.eventbrite.com/e/takia-ross-so-you-want-to-pitch-tickets-1987021117652,,https://www.eventbrite.com/o/34179073381,needs_organizer_review,,"Takia Ross, founder of Accessmatized and Takia Ross & Associates, will share her insights on the art and science of creating a winning",ab1dce0285fb4bfb67678bf04166ff0c35a11687,a9cf7de10159fef63bcab1148485c7216c2f98b0,baltimore/upcoming_events.json,needs_recipient_research
b63da19f3fc89eecb30f624c,1788,Startup Grind: Social Impact Cohort: Soft Launch Demo Day,demo_showcase,2026-04-07T16:00:00-04:00,https://www.tedcomd.com/startup-grind-social-impact-cohort-soft-launch-demo-day,,https://www.tedcomd.com/events/,needs_organizer_review,,MyTEDCO,0e10e1d34aa8e6aa465e1b387151d8240dedb22c,284ff66dc9760144ade882c6fbd3db35db54c7d4,baltimore/upcoming_events.json,needs_recipient_research
b9791d5d3c6a623c496b92af,1062,Cyber Howard Accelerator Cohort II Graduation and Demo Day,demo_showcase,2026-01-27T16:00:00-05:00,https://www.eventbrite.com/e/cyber-howard-accelerator-cohort-ii-graduation-and-demo-day-tickets-1980380758158,,,needs_organizer_review,,"Graduation & Demo Day showcasing innovation, progress, and program impact, plus a pitch competition and networking",549f0db67414137a52fe89dea45d2caa506a126a,3bb20c993f2936f6d4435d726f48b9712ef26a75,baltimore/upcoming_events.json,needs_recipient_research
c31d8342ca15b3f8d83f1b6a,3345,MedTech Market Pulse Pitch,pitch_practice,2026-05-12T21:00:00+00:00,https://www.tedcomd.com/medtech-market-pulse-pitch,tedcomd.com,https://www.tedcomd.com/events/,source_label_only,,MyTEDCO,54cd762f9b06aa662ebaedba5843dc58000f517f,392fa4436ae7f1c616777dff1539269051e867c1,baltimore/upcoming_events.json,needs_recipient_research
c544d88b22d0d1e5e2f74227,1983,2026 Cangialosi Business Innovation Competition,pitch_competition,2026-04-16T18:30:00-04:00,https://bwtech.umbc.edu/event/2026-cangialosi-business-innovation-competition/,,https://bwtech.umbc.edu/events/,needs_organizer_review,,  bwtech is excited to support the promising student entrepreneurs at UMBC! CLICK HERE TO REGISTER! Please...,2de6667f0125e7654a9832750db5fe488c024b2e,a9cf7de10159fef63bcab1148485c7216c2f98b0,baltimore/upcoming_events.json,needs_recipient_research
cbba1e08708ceefd96f02657,3416,Beyond the Pitch (FITCI Entrepreneur Essentials),pitch_practice,2026-05-13T17:00:00+00:00,https://www.tedcomd.com/beyond-pitch-fitci-entrepreneur-essentials,tedcomd.com,https://www.tedcomd.com/events/,source_label_only,,MyTEDCO,bcea8c1fe68eb33036d26dc66ff68b028ce542cd,fdef8339f5e8152e568f3b6edb83407612e78648,baltimore/upcoming_events.json,needs_recipient_research
d94ae258e6632f7ecb65c271,2340,Bridging Innovation Week: Competition Day,pitch_competition,2026-04-29T04:00:00+00:00,https://wvbusinesslink.com/event/bridging-innovation-week-competition-day/,,,needs_organizer_review,,"[vc_row][vc_column][vc_column_text css=”” css_params=””]Vantage Ventures Demos and IgniteWV Pitch Competition. 
See website for more details[/vc_column_text][/vc_column][/vc_row]",54cd762f9b06aa662ebaedba5843dc58000f517f,3e85130dc651a268b3d382fab357adc219011971,upcoming_events.json,needs_recipient_research
d97e21927e5d89d527b1043f,359,Accelerator Showcase,demo_showcase,2025-09-18T17:00:00-0400,https://www.towson.edu/startup/programs/community-entrepreneurship/accelerator/showcase.html,,,needs_organizer_review,,"Join the fellows of the StarTUp Accelerator as they pitch their ventures to campus,
                                 community and business leaders.",0e65f337bc2adbe37fa27964978080cfb686d5a9,80689cc89a3d7df611dbc47845295e7f67dd5935,baltimore/upcoming_events.json,needs_recipient_research
da00a34a554e3ac76663977e,4084,CHESAPITCH 2026 - Get a Front-Row Seat to our Shark Tank!,pitch_competition,2026-05-20T19:00:20+00:00,https://gdg.community.dev/events/details/google-gdg-annapolis-presents-chesapitch-2026-get-a-front-row-seat-to-our-shark-tank/,,https://gdg.community.dev/chapter/3047,needs_organizer_review,,"Ever wondered what it takes to launch a startup in AI, Cybersecurity, or MedTech? Come to ChesaPitch and watch local ent...",9636696514fd3e9205478c70b5c9b76bc29a568a,a9cf7de10159fef63bcab1148485c7216c2f98b0,baltimore/upcoming_events.json,needs_recipient_research
da36faedd8724c6420f54631,1006,Pitch Labs for Entrepreneurs ,pitch_practice,2026-01-17T10:00:00-05:00,https://www.meetup.com/pitch-labs/events/312573533/,,,needs_organizer_review,Fairfax,"After a short break, Pitch Labs is back with the first event of the 2026 season.

Styled after a 'pitch competition', this event is for entrepreneurs, and the entrepreneurial-curious. Learn about on-going initiatives from local area founders, and there will be ample time for networking.

This event will bring together start-up founders and enthusiasts in the DMV area for an exciting opportunity to hear about a fellow founder, and give feedback on their pitch and product, and get to network around founders from the area.

Location:
10300 Eaton Place, Fairfax VA - many thanks to our venue sponsor Fairfax City Economic Development.

Large Conference Room A, on the ground floor.

**Our Agenda:**
1\. Basic group introductions
2\. First ""Pitch"" Presentation \(\~15 minutes\)
3\. Community Q&A
4\. Second ""Pitch"" Presentation \(\~15 minutes\)
5\. Community Q&A
6\. Break out sessions & general networking

More information will be provided as we get closer to the meetup.

**Speakers**

Kaitlin Seng
[https://www.gingercybersecurity.com/](https://www.gingercybersecurity.com/ ""https://www.gingercybersecurity.com/"")
""Our product is a Linux-based operating system that stops attackers from silently modifying code in production, protecting long-running server applications and reducing the attack surface.""

Chris Bennett - Lawyer
[https://www.iprights4all.com/TILG-home/](https://www.iprights4all.com/TILG-home/)
""IPRights4All (R) is making it easier and less costly for creatives and entrepreneurs to protect and to monetize their innovation - using digital copyright and intellectual property (IP) automation based on artificial intelligence and blockchain and complementary technologies - supported by attorneys and allies. Our mission is to democratize access to IP rights, with a focus on under-served communities, to create economic growth and opportunity all.""

Pitch Labs is a member of the [DMV Petri Dish Network](https://www.dmvpetridish.com/ ""https://www.dmvpetridish.com/"")",747bdfaa04cb1e01aacee7d5fbae034cfaf952b4,86962e4f4d8b570bdeb550d38e97da42b0add32b,baltimore/upcoming_events.json,named_participants
e3eed20aa87dc73a0c8bd3e5,4613,Build with AI: Week 4 – Demo Day & The Impact Pitch 🌊,demo_showcase,2026-05-28T12:30:00+00:00,https://gdg.community.dev/events/details/google-gdg-brunswick-presents-build-with-ai-week-4-demo-day-amp-the-impact-pitch/,Google Developer Group Chapter 3047,https://gdg.community.dev/chapter/3047,source_label_only,,Join us for the grand finale of the Build with AI: Coastal Resilience Workshop Series! This is the culmination of our fr...,a9cf7de10159fef63bcab1148485c7216c2f98b0,1ee680e0bfcbd04a765022d14f6b7f121b65af03,baltimore/upcoming_events.json,needs_recipient_research
e95d4d45cf5d7bcf68ef1dfe,1930,HJF Innovation Labs @ MontgomeryCountyMD – BioHealth Pitch Showcase,demo_showcase,2026-04-14T17:00:00-04:00,https://www.tedcomd.com/hjf-innovation-labs-montgomerycountymd-biohealth-pitch-showcase,,https://www.tedcomd.com/events/,needs_organizer_review,,MyTEDCO,f91a3e3c88b192463c4f32dd3a87f35cdafd5d20,eb8c077ea2294c1baeebe2cd427f51b0891e41c2,baltimore/upcoming_events.json,needs_recipient_research
f0cd616c80fccbd344ea9aeb,8238,Cyber Howard Accelerator Cohort III Graduation and Demo Day,demo_showcase,2026-07-16T15:30:00+00:00,https://www.eventbrite.com/e/cyber-howard-accelerator-cohort-iii-graduation-and-demo-day-tickets-1991917204981,Howard County Economic Development Authority,https://www.eventbrite.com/o/howard-county-economic-development-authority-2805856464,source_label_only,Columbia,Cyber Howard Accelerator Cohort III Graduation and Demo Day,c01e76b82a44bfe1af11f7c221125110e7d288df,8f6da6dd0dca1cc376f5583bbe8a9273ad2d05e5,baltimore/upcoming_events.json,needs_recipient_research
f3e240aff4cc9b024fb5de32,716,ChesaPitch 2025,pitch_competition,2025-11-20T15:58:00-04:00,https://members.mdtechcouncil.com/eventcalendar/Details/chesapitch-2025-1454381?sourceTypeId=Website,,,needs_organizer_review,,ChesaPitch 2025 Series and Championship - Where Founders Meet Funders,c58e996a180c8a410b896bd61369904f1480b904,b202ccaf35b52c82fbb531cd993d2e8340ea6b1b,baltimore/upcoming_events.json,needs_recipient_research
f453177a4392f018458afaa5,1661,SHRM Labs' WorkplaceTech Accelerator 2026 Kickoff Reception,incubation_acceleration,2026-03-31T17:30:00-04:00,https://www.tedcomd.com/shrm-labs-workplacetech-accelerator-2026-kickoff-reception,,https://www.tedcomd.com/events/,needs_organizer_review,,MyTEDCO,c57c9aa00dbc56d34c4864b1c476941c1e345002,c3c0d716432569c1d5798f42b8958a871c37fba2,baltimore/upcoming_events.json,needs_recipient_research
f6229ba3f132a4178df74d5a,480,Lunch & Learn: Tips & Tricks for Effective Public Speaking & Pitching,pitch_practice,2025-10-14T11:30:00-04:00,https://bwtech.umbc.edu/event/10585/,,,needs_organizer_review,,Lunch & Learn: Tips & Tricks for Effective Public Speaking & Pitching Exclusively for the bwtech community ...,54ee1200090264769ba89c22b795838161d131c3,8f9d92796183a681569661a48ede777dc4fa24fc,baltimore/upcoming_events.json,needs_recipient_research
fcbcbe7ae7827f51ceddcedb,41,Conscious Venture Lab Accelerator Program Cohort 13 Demo Day,demo_showcase,2025-06-13T17:30:00-04:00,https://www.eventbrite.com/e/nce-conscious-venture-lab-accelerator-program-cohort-13-demo-day-tickets-1381181042679,,,needs_organizer_review,,"Meet the eleven startups reimagining the future of capitalism in cohort 13 of the CVL Accelerator Program! We’ve been working with 11 purpose driven founders since March in industries including healthtech, edtech, and fintech on reshaping the future of capitalism and using the power of business to create a more just, joyous, equitable and prosperous society for us all. They are excited to present their innovative technology creating social impact at our program’s culminating event in June. Cohort 13 Demo Day is certain to be an engaging and impactful evening of learning, networking, and showcasing the power of entrepreneurship in Baltimore.",eeb18dd15671ded40851e1eacf1d95dd4b99d4dd,d2a7e85b2140bc4d1a34d1bdc38762fe38f35361,upcoming_events.json,needs_recipient_research
fd8bfdac57fb2bb20c7909ac,1204,Maryland Student Venture Showcase,demo_showcase,2026-02-19T17:00:00-05:00,https://www.tedcomd.com/maryland-student-venture-showcase,,,needs_organizer_review,,MyTEDCO,747db844598218babf88dbaebff6791fa2ecb343,39c02a26aaa54dfd1fad0ad21762d8304d1ebe0a,baltimore/upcoming_events.json,needs_recipient_research
