research_id,name,city,source_url,portal_organization_id,review_status
180fc6243798670f489336bb,Techstars AI Health Baltimore,Baltimore,,,needs_identity_review
25559c9db3b98b7e723e408c,Galen Health,"Windsor, OH, USA",,,needs_identity_review
272396a21f8103907f06791f,Caldarium,,,,needs_identity_review
2971a4aaca2101877d8dba17,Nova Hospitality,,,,needs_identity_review
30af2bb1c1952c10a61e8438,Behaivior,"Pittsburgh, PA, USA",,,needs_identity_review
389a8866e413c1b051334acd,CareFirst BlueCross BlueShield,,,,needs_identity_review
61c73595fdee28f52062d050,Baltimore Development Corporation,,,,needs_identity_review
6348d5ff0c364fba496f5a5f,Verizon Small Business Digital Ready,,,,needs_identity_review
79ca6ab947b439d08680e3d0,Countacus,,,,needs_identity_review
89f1d95a848a0397a4afb3c0,LISC,,,,needs_identity_review
8a4690646f1b5783e3cb6d0c,IPRights4All,,,,needs_identity_review
942cfe9c02c2ce898eb5e168,Compose Health,"Ottawa, ON, Canada",,,needs_identity_review
9533adef83a36bbb2b8a5b06,ACURE,,,,needs_identity_review
9828e78d31fc80854d93e967,Sentype,,,,needs_identity_review
a2c075f24b8ff769cd009e3f,MiFido,,,,needs_identity_review
b414e4e5b0b982bc35fb2a6d,Sloop,"New York, NY, USA",,,needs_identity_review
bca6acb5785999a4628cb31c,Valio,"Indianapolis, IN, USA",,,needs_identity_review
c2d6e37cf3f62921cdc03abf,Opal,"Tampa, FL, USA",,,needs_identity_review
c4eeec1aaca06d01915bb999,N0S.AI,,,,needs_identity_review
c768c11c8e0e4ae035383d06,AidRx,"Calgary, AB, Canada",,,needs_identity_review
d693aaa6355d5f9493d7cec1,Johns Hopkins University,,,,needs_identity_review
dd84b16e2d29033eb89612a6,ValiCor US,,,,needs_identity_review
e29200cea72de040f9b36abd,Embryoxite,"Buenos Aires, Argentina",,,needs_identity_review
ec2c329c9fa4ac028a8e5c47,Ginger Cybersecurity,,,,needs_identity_review
f4aa323b3f12974b4d6dded2,Open Judgement Engineering,,,,needs_identity_review
f945db03f53994b16ace0c79,Brex,,,,needs_identity_review
