id,name,slug,description,source_url,tags
md-budget:maryland-energy-administration,Maryland Energy Administration,maryland-energy-administration,Public Maryland budget / SEIF evidence organization; no membership or permissions granted.,https://energy.maryland.gov/,"[""state-government"", ""LifeTech"", ""Maryland budget research""]"
md-budget:state-of-maryland,State of Maryland,state-of-maryland,Public Maryland budget / SEIF evidence organization; no membership or permissions granted.,https://www.maryland.gov/,"[""state-government"", ""LifeTech"", ""Maryland budget research""]"
md-budget:maryland-strategic-energy-investment-fund,Maryland Strategic Energy Investment Fund,maryland-strategic-energy-investment-fund,Public Maryland budget / SEIF evidence organization; no membership or permissions granted.,https://energy.maryland.gov/Pages/Strategic-Energy-Investment-Fund-(SEIF)-.aspx,"[""funding"", ""LifeTech"", ""Maryland budget research""]"
md-budget:community-action-council-of-howard-county,Community Action Council of Howard County,community-action-council-of-howard-county,Public Maryland budget / SEIF evidence organization; no membership or permissions granted.,https://energy.maryland.gov/Reports/FY25%20SEIF%20Volume%202_%20Appendices%20B%20and%20C%20-%20Appendix%20C-combined-compressed.pdf,"[""ecosystem"", ""LifeTech"", ""Maryland budget research""]"
md-budget:green-spark-inc,"Green Spark, Inc.",green-spark-inc,Public Maryland budget / SEIF evidence organization; no membership or permissions granted.,https://energy.maryland.gov/Reports/FY25%20SEIF%20Volume%202_%20Appendices%20B%20and%20C%20-%20Appendix%20C-combined-compressed.pdf,"[""ecosystem"", ""LifeTech"", ""Maryland budget research""]"
md-budget:dorchester-county-maryland,"Dorchester County, Maryland",dorchester-county-maryland,Public Maryland budget / SEIF evidence organization; no membership or permissions granted.,https://energy.maryland.gov/Reports/FY25%20SEIF%20Volume%202_%20Appendices%20B%20and%20C%20-%20Appendix%20C-combined-compressed.pdf,"[""ecosystem"", ""LifeTech"", ""Maryland budget research""]"
md-budget:arundel-community-development-services-inc,"Arundel Community Development Services, Inc.",arundel-community-development-services-inc,Public Maryland budget / SEIF evidence organization; no membership or permissions granted.,https://energy.maryland.gov/Reports/FY25%20SEIF%20Volume%202_%20Appendices%20B%20and%20C%20-%20Appendix%20C-combined-compressed.pdf,"[""ecosystem"", ""LifeTech"", ""Maryland budget research""]"
md-budget:town-of-north-beach,Town of North Beach,town-of-north-beach,Public Maryland budget / SEIF evidence organization; no membership or permissions granted.,https://energy.maryland.gov/Reports/FY25%20SEIF%20Volume%202_%20Appendices%20B%20and%20C%20-%20Appendix%20C-combined-compressed.pdf,"[""ecosystem"", ""LifeTech"", ""Maryland budget research""]"
md-budget:garrett-county-community-action-committee,Garrett County Community Action Committee,garrett-county-community-action-committee,Public Maryland budget / SEIF evidence organization; no membership or permissions granted.,https://energy.maryland.gov/Reports/FY25%20SEIF%20Volume%202_%20Appendices%20B%20and%20C%20-%20Appendix%20C-combined-compressed.pdf,"[""ecosystem"", ""LifeTech"", ""Maryland budget research""]"
md-budget:united-communities-against-poverty,United Communities Against Poverty,united-communities-against-poverty,Public Maryland budget / SEIF evidence organization; no membership or permissions granted.,https://energy.maryland.gov/Reports/FY25%20SEIF%20Volume%202_%20Appendices%20B%20and%20C%20-%20Appendix%20C-combined-compressed.pdf,"[""ecosystem"", ""LifeTech"", ""Maryland budget research""]"
md-budget:diversified-housing-development,Diversified Housing Development,diversified-housing-development,Public Maryland budget / SEIF evidence organization; no membership or permissions granted.,https://energy.maryland.gov/Reports/FY25%20SEIF%20Volume%202_%20Appendices%20B%20and%20C%20-%20Appendix%20C-combined-compressed.pdf,"[""ecosystem"", ""LifeTech"", ""Maryland budget research""]"
md-budget:electrify-equity,Electrify Equity,electrify-equity,Public Maryland budget / SEIF evidence organization; no membership or permissions granted.,https://energy.maryland.gov/Reports/FY25%20SEIF%20Volume%202_%20Appendices%20B%20and%20C%20-%20Appendix%20C-combined-compressed.pdf,"[""ecosystem"", ""LifeTech"", ""Maryland budget research""]"
md-budget:housing-authority-of-calvert-county,Housing Authority of Calvert County,housing-authority-of-calvert-county,Public Maryland budget / SEIF evidence organization; no membership or permissions granted.,https://energy.maryland.gov/Reports/FY25%20SEIF%20Volume%202_%20Appendices%20B%20and%20C%20-%20Appendix%20C-combined-compressed.pdf,"[""ecosystem"", ""LifeTech"", ""Maryland budget research""]"
md-budget:milford-housing-development-corporation,Milford Housing Development Corporation,milford-housing-development-corporation,Public Maryland budget / SEIF evidence organization; no membership or permissions granted.,https://energy.maryland.gov/Reports/FY25%20SEIF%20Volume%202_%20Appendices%20B%20and%20C%20-%20Appendix%20C-combined-compressed.pdf,"[""ecosystem"", ""LifeTech"", ""Maryland budget research""]"
md-budget:habitat-for-humanity-choptank-inc,"Habitat for Humanity Choptank, Inc",habitat-for-humanity-choptank-inc,Public Maryland budget / SEIF evidence organization; no membership or permissions granted.,https://energy.maryland.gov/Reports/FY25%20SEIF%20Volume%202_%20Appendices%20B%20and%20C%20-%20Appendix%20C-combined-compressed.pdf,"[""ecosystem"", ""LifeTech"", ""Maryland budget research""]"
md-budget:sustain-our-future-foundation-inc,Sustain Our Future Foundation INC.,sustain-our-future-foundation-inc,Public Maryland budget / SEIF evidence organization; no membership or permissions granted.,https://energy.maryland.gov/Reports/FY25%20SEIF%20Volume%202_%20Appendices%20B%20and%20C%20-%20Appendix%20C-combined-compressed.pdf,"[""ecosystem"", ""LifeTech"", ""Maryland budget research""]"
md-budget:green-healthy-homes-initiative-inc,"Green & Healthy Homes Initiative, Inc.",green-healthy-homes-initiative-inc,Public Maryland budget / SEIF evidence organization; no membership or permissions granted.,https://energy.maryland.gov/Reports/FY25%20SEIF%20Volume%202_%20Appendices%20B%20and%20C%20-%20Appendix%20C-combined-compressed.pdf,"[""ecosystem"", ""LifeTech"", ""Maryland budget research""]"
md-budget:rebuilding-together-montgomery-county,Rebuilding Together Montgomery County,rebuilding-together-montgomery-county,Public Maryland budget / SEIF evidence organization; no membership or permissions granted.,https://energy.maryland.gov/Reports/FY25%20SEIF%20Volume%202_%20Appendices%20B%20and%20C%20-%20Appendix%20C-combined-compressed.pdf,"[""ecosystem"", ""LifeTech"", ""Maryland budget research""]"
md-budget:habitat-for-humanity-metro-maryland,Habitat for Humanity Metro Maryland,habitat-for-humanity-metro-maryland,Public Maryland budget / SEIF evidence organization; no membership or permissions granted.,https://energy.maryland.gov/Reports/FY25%20SEIF%20Volume%202_%20Appendices%20B%20and%20C%20-%20Appendix%20C-combined-compressed.pdf,"[""ecosystem"", ""LifeTech"", ""Maryland budget research""]"
md-budget:znrg-foundation-inc,"ZNRG Foundation, Inc.",znrg-foundation-inc,Public Maryland budget / SEIF evidence organization; no membership or permissions granted.,https://energy.maryland.gov/Reports/FY25%20SEIF%20Volume%202_%20Appendices%20B%20and%20C%20-%20Appendix%20C-combined-compressed.pdf,"[""ecosystem"", ""LifeTech"", ""Maryland budget research""]"
md-budget:prince-george-s-county,Prince George's County,prince-george-s-county,Public Maryland budget / SEIF evidence organization; no membership or permissions granted.,https://energy.maryland.gov/Reports/FY25%20SEIF%20Volume%202_%20Appendices%20B%20and%20C%20-%20Appendix%20C-combined-compressed.pdf,"[""ecosystem"", ""LifeTech"", ""Maryland budget research""]"
md-budget:healthy-neighborhoods-inc,"Healthy Neighborhoods, Inc.",healthy-neighborhoods-inc,Public Maryland budget / SEIF evidence organization; no membership or permissions granted.,https://energy.maryland.gov/Reports/FY25%20SEIF%20Volume%202_%20Appendices%20B%20and%20C%20-%20Appendix%20C-combined-compressed.pdf,"[""ecosystem"", ""LifeTech"", ""Maryland budget research""]"
md-budget:mayor-and-city-council-of-baltimore-city,Mayor and City Council of Baltimore City,mayor-and-city-council-of-baltimore-city,Public Maryland budget / SEIF evidence organization; no membership or permissions granted.,https://energy.maryland.gov/Reports/FY25%20SEIF%20Volume%202_%20Appendices%20B%20and%20C%20-%20Appendix%20C-combined-compressed.pdf,"[""ecosystem"", ""LifeTech"", ""Maryland budget research""]"
md-budget:civic-works-inc,"Civic Works, Inc.",civic-works-inc,Public Maryland budget / SEIF evidence organization; no membership or permissions granted.,https://energy.maryland.gov/Reports/FY25%20SEIF%20Volume%202_%20Appendices%20B%20and%20C%20-%20Appendix%20C-combined-compressed.pdf,"[""ecosystem"", ""LifeTech"", ""Maryland budget research""]"
md-budget:safe-housing-inc,"SAFE Housing, Inc",safe-housing-inc,Public Maryland budget / SEIF evidence organization; no membership or permissions granted.,https://energy.maryland.gov/Reports/FY25%20SEIF%20Volume%202_%20Appendices%20B%20and%20C%20-%20Appendix%20C-combined-compressed.pdf,"[""ecosystem"", ""LifeTech"", ""Maryland budget research""]"
md-budget:housing-options-planning-enterprises-inc,"Housing Options & Planning Enterprises, Inc.",housing-options-planning-enterprises-inc,Public Maryland budget / SEIF evidence organization; no membership or permissions granted.,https://energy.maryland.gov/Reports/FY25%20SEIF%20Volume%202_%20Appendices%20B%20and%20C%20-%20Appendix%20C-combined-compressed.pdf,"[""ecosystem"", ""LifeTech"", ""Maryland budget research""]"
md-budget:neighborhood-housing-services-of-baltimore-inc,"Neighborhood Housing Services of Baltimore, Inc.",neighborhood-housing-services-of-baltimore-inc,Public Maryland budget / SEIF evidence organization; no membership or permissions granted.,https://energy.maryland.gov/Reports/FY25%20SEIF%20Volume%202_%20Appendices%20B%20and%20C%20-%20Appendix%20C-combined-compressed.pdf,"[""ecosystem"", ""LifeTech"", ""Maryland budget research""]"
md-budget:choptank-electric-cooperative,Choptank Electric Cooperative,choptank-electric-cooperative,Public Maryland budget / SEIF evidence organization; no membership or permissions granted.,https://energy.maryland.gov/Reports/FY25%20SEIF%20Volume%202_%20Appendices%20B%20and%20C%20-%20Appendix%20C-combined-compressed.pdf,"[""ecosystem"", ""LifeTech"", ""Maryland budget research""]"
md-budget:frederick-county-government,Frederick County Government,frederick-county-government,Public Maryland budget / SEIF evidence organization; no membership or permissions granted.,https://energy.maryland.gov/Reports/FY25%20SEIF%20Volume%202_%20Appendices%20B%20and%20C%20-%20Appendix%20C-combined-compressed.pdf,"[""ecosystem"", ""LifeTech"", ""Maryland budget research""]"
md-budget:building-change-inc,"Building Change, Inc.",building-change-inc,Public Maryland budget / SEIF evidence organization; no membership or permissions granted.,https://energy.maryland.gov/Reports/FY25%20SEIF%20Volume%202_%20Appendices%20B%20and%20C%20-%20Appendix%20C-combined-compressed.pdf,"[""ecosystem"", ""LifeTech"", ""Maryland budget research""]"
md-budget:south-market-center-condominium-inc,"South Market Center Condominium, Inc",south-market-center-condominium-inc,Public Maryland budget / SEIF evidence organization; no membership or permissions granted.,https://energy.maryland.gov/Reports/FY25%20SEIF%20Volume%202_%20Appendices%20B%20and%20C%20-%20Appendix%20C-combined-compressed.pdf,"[""ecosystem"", ""LifeTech"", ""Maryland budget research""]"
md-budget:meritus-medical-center-inc,"Meritus Medical Center, Inc.",meritus-medical-center-inc,Public Maryland budget / SEIF evidence organization; no membership or permissions granted.,https://energy.maryland.gov/Reports/FY25%20SEIF%20Volume%202_%20Appendices%20B%20and%20C%20-%20Appendix%20C-combined-compressed.pdf,"[""health"", ""LifeTech"", ""Maryland budget research""]"
md-budget:casa-inc-baltimore-city,"CASA, Inc. Baltimore City",casa-inc-baltimore-city,Public Maryland budget / SEIF evidence organization; no membership or permissions granted.,https://energy.maryland.gov/Reports/FY25%20SEIF%20Volume%202_%20Appendices%20B%20and%20C%20-%20Appendix%20C-combined-compressed.pdf,"[""ecosystem"", ""LifeTech"", ""Maryland budget research""]"
md-budget:latino-economic-development-corp-of-washington-dc,Latino Economic Development Corp of Washington DC,latino-economic-development-corp-of-washington-dc,Public Maryland budget / SEIF evidence organization; no membership or permissions granted.,https://energy.maryland.gov/Reports/FY25%20SEIF%20Volume%202_%20Appendices%20B%20and%20C%20-%20Appendix%20C-combined-compressed.pdf,"[""ecosystem"", ""LifeTech"", ""Maryland budget research""]"
md-budget:action-in-montgomery-inc,"Action In Montgomery, Inc.",action-in-montgomery-inc,Public Maryland budget / SEIF evidence organization; no membership or permissions granted.,https://energy.maryland.gov/Reports/FY25%20SEIF%20Volume%202_%20Appendices%20B%20and%20C%20-%20Appendix%20C-combined-compressed.pdf,"[""ecosystem"", ""LifeTech"", ""Maryland budget research""]"
md-budget:goucher-college,Goucher College,goucher-college,Public Maryland budget / SEIF evidence organization; no membership or permissions granted.,https://energy.maryland.gov/Reports/FY25%20SEIF%20Volume%202_%20Appendices%20B%20and%20C%20-%20Appendix%20C-combined-compressed.pdf,"[""university"", ""LifeTech"", ""Maryland budget research""]"
md-budget:allegany-community-college,Allegany Community College,allegany-community-college,Public Maryland budget / SEIF evidence organization; no membership or permissions granted.,https://energy.maryland.gov/Reports/FY25%20SEIF%20Volume%202_%20Appendices%20B%20and%20C%20-%20Appendix%20C-combined-compressed.pdf,"[""university"", ""LifeTech"", ""Maryland budget research""]"
md-budget:community-college-of-baltimore-county,Community College of Baltimore County,community-college-of-baltimore-county,Public Maryland budget / SEIF evidence organization; no membership or permissions granted.,https://energy.maryland.gov/Reports/FY25%20SEIF%20Volume%202_%20Appendices%20B%20and%20C%20-%20Appendix%20C-combined-compressed.pdf,"[""university"", ""LifeTech"", ""Maryland budget research""]"
md-budget:morgan-state-university-msu,Morgan State University (MSU),morgan-state-university-msu,Public Maryland budget / SEIF evidence organization; no membership or permissions granted.,https://energy.maryland.gov/Reports/FY25%20SEIF%20Volume%202_%20Appendices%20B%20and%20C%20-%20Appendix%20C-combined-compressed.pdf,"[""university"", ""LifeTech"", ""Maryland budget research""]"
md-budget:notre-dame-of-maryland-university,Notre Dame of Maryland University,notre-dame-of-maryland-university,Public Maryland budget / SEIF evidence organization; no membership or permissions granted.,https://energy.maryland.gov/Reports/FY25%20SEIF%20Volume%202_%20Appendices%20B%20and%20C%20-%20Appendix%20C-combined-compressed.pdf,"[""university"", ""LifeTech"", ""Maryland budget research""]"
md-budget:salisbury-university,Salisbury University,salisbury-university,Public Maryland budget / SEIF evidence organization; no membership or permissions granted.,https://energy.maryland.gov/Reports/FY25%20SEIF%20Volume%202_%20Appendices%20B%20and%20C%20-%20Appendix%20C-combined-compressed.pdf,"[""university"", ""LifeTech"", ""Maryland budget research""]"
md-budget:st-johns-college,St. Johns College,st-johns-college,Public Maryland budget / SEIF evidence organization; no membership or permissions granted.,https://energy.maryland.gov/Reports/FY25%20SEIF%20Volume%202_%20Appendices%20B%20and%20C%20-%20Appendix%20C-combined-compressed.pdf,"[""university"", ""LifeTech"", ""Maryland budget research""]"
md-budget:university-of-maryland-college-park,University of Maryland College Park,university-of-maryland-college-park,Public Maryland budget / SEIF evidence organization; no membership or permissions granted.,https://energy.maryland.gov/Reports/FY25%20SEIF%20Volume%202_%20Appendices%20B%20and%20C%20-%20Appendix%20C-combined-compressed.pdf,"[""university"", ""LifeTech"", ""Maryland budget research""]"
