id,name,slug,description,source_url,image_url,tags
federal-portal:research-maryland-commerce,Maryland Department of Commerce,maryland-department-of-commerce,Documented ecosystem participant.,https://commerce.maryland.gov/,,"[""state-government"", ""LifeTech"", ""Federal evidence research"", ""State government""]"
org-tedco,TEDCO,tedco,Documented ecosystem participant.,https://www.tedcomd.com/,,"[""state-government"", ""LifeTech"", ""Federal evidence research"", ""State government""]"
federal-portal:federal-nsf,National Science Foundation (NSF),national-science-foundation-nsf,"Documented federal connection to Maryland research, public health, manufacturing or entrepreneurship.",https://www.nsf.gov/,https://www.nsf.gov/themes/custom/nsf_theme/logo-200x200.png,"[""federal-government"", ""LifeTech"", ""Federal evidence research"", ""Federal government""]"
federal-portal:federal-sba,U.S. Small Business Administration (SBA),u-s-small-business-administration-sba,"Documented federal connection to Maryland research, public health, manufacturing or entrepreneurship.",https://www.sba.gov/,https://www.sba.gov/app/uploads/2026/07/frontpage.png,"[""federal-government"", ""LifeTech"", ""Federal evidence research"", ""Federal government""]"
federal-portal:federal-doe,U.S. Department of Energy (DOE),u-s-department-of-energy-doe,"Documented federal connection to Maryland research, public health, manufacturing or entrepreneurship.",https://www.energy.gov/,https://www.energy.gov/sites/default/files/2025-04/white-fallback_0.png,"[""federal-government"", ""LifeTech"", ""Federal evidence research"", ""Federal government""]"
federal-portal:federal-arpa-e,Advanced Research Projects Agency–Energy (ARPA-E),advanced-research-projects-agency-energy-arpa-e,"Documented federal connection to Maryland research, public health, manufacturing or entrepreneurship.",https://arpa-e.energy.gov/,,"[""federal-government"", ""LifeTech"", ""Federal evidence research"", ""Federal government""]"
federal-portal:federal-dod,U.S. Department of Defense (DoD),u-s-department-of-defense-dod,"Documented federal connection to Maryland research, public health, manufacturing or entrepreneurship.",https://www.defense.gov/,,"[""federal-government"", ""LifeTech"", ""Federal evidence research"", ""Federal government""]"
federal-portal:federal-darpa,Defense Advanced Research Projects Agency (DARPA),defense-advanced-research-projects-agency-darpa,"Documented federal connection to Maryland research, public health, manufacturing or entrepreneurship.",https://www.darpa.mil/,https://www.darpa.mil/sites/default/files/gallery/2024-12/og-luke-arm.png,"[""federal-government"", ""LifeTech"", ""Federal evidence research"", ""Federal government""]"
federal-portal:federal-nasa,National Aeronautics and Space Administration (NASA),national-aeronautics-and-space-administration-nasa,"Documented federal connection to Maryland research, public health, manufacturing or entrepreneurship.",https://www.nasa.gov/,https://www.nasa.gov/wp-content/uploads/2018/07/174116main_2006_01777_highres.jpg,"[""federal-government"", ""LifeTech"", ""Federal evidence research"", ""Federal government""]"
federal-portal:federal-nist,National Institute of Standards and Technology (NIST),national-institute-of-standards-and-technology-nist,"Documented federal connection to Maryland research, public health, manufacturing or entrepreneurship.",https://www.nist.gov/,https://www.nist.gov/themes/custom/nist_www/img/homepage/nist_mark.png,"[""federal-government"", ""LifeTech"", ""Federal evidence research"", ""Federal government""]"
federal-portal:federal-commerce,U.S. Department of Commerce,u-s-department-of-commerce,"Documented federal connection to Maryland research, public health, manufacturing or entrepreneurship.",https://www.commerce.gov/,,"[""federal-government"", ""LifeTech"", ""Federal evidence research"", ""Federal government""]"
federal-portal:federal-usda,U.S. Department of Agriculture (USDA),u-s-department-of-agriculture-usda,"Documented federal connection to Maryland research, public health, manufacturing or entrepreneurship.",https://www.usda.gov/,,"[""federal-government"", ""LifeTech"", ""Federal evidence research"", ""Federal government""]"
federal-portal:federal-nifa,National Institute of Food and Agriculture (NIFA),national-institute-of-food-and-agriculture-nifa,"Documented federal connection to Maryland research, public health, manufacturing or entrepreneurship.",https://www.nifa.usda.gov/,,"[""federal-government"", ""LifeTech"", ""Federal evidence research"", ""Federal government""]"
federal-portal:federal-fda,U.S. Food and Drug Administration (FDA),u-s-food-and-drug-administration-fda,"Documented federal connection to Maryland research, public health, manufacturing or entrepreneurship.",https://www.fda.gov/,https://www.fda.gov/themes/custom/preview/img/FDA-Social-Graphic.png,"[""federal-government"", ""LifeTech"", ""Federal evidence research"", ""Federal government""]"
federal-portal:federal-cdc,Centers for Disease Control and Prevention (CDC),centers-for-disease-control-and-prevention-cdc,"Documented federal connection to Maryland research, public health, manufacturing or entrepreneurship.",https://www.cdc.gov/,,"[""federal-government"", ""LifeTech"", ""Federal evidence research"", ""Federal government""]"
federal-portal:federal-treasury,U.S. Department of the Treasury,u-s-department-of-the-treasury,"Documented federal connection to Maryland research, public health, manufacturing or entrepreneurship.",https://home.treasury.gov/,,"[""federal-government"", ""LifeTech"", ""Federal evidence research"", ""Federal government""]"
md-budget:university-of-maryland-college-park,"University of Maryland, College Park",university-of-maryland-college-park,"Documented federal connection to Maryland research, public health, manufacturing or entrepreneurship.",https://www.umd.edu/,https://umd-main.transforms.svdcdn.com/production/umd/images/default/research-preview.jpg?w=960&h=540&auto=compress&fit=crop&dm=1745870682&s=992cb5c8772b2a7abf963b2e0b204698,"[""university"", ""LifeTech"", ""Federal evidence research""]"
federal-portal:federal-recipient-umes,University of Maryland Eastern Shore,university-of-maryland-eastern-shore,"Documented federal connection to Maryland research, public health, manufacturing or entrepreneurship.",https://www.umes.edu/,https://www.umes.edu/wp-content/uploads/2026/09/Presentation2.png,"[""university"", ""LifeTech"", ""Federal evidence research""]"
federal-portal:federal-recipient-jhu-apl,Johns Hopkins University Applied Physics Laboratory,johns-hopkins-university-applied-physics-laboratory,"Documented federal connection to Maryland research, public health, manufacturing or entrepreneurship.",https://www.jhuapl.edu/,https://www.jhuapl.edu/sites/default/files/2026-03/IMG-Home-Dragonfly-July2025.jpg,"[""university"", ""LifeTech"", ""Federal evidence research""]"
org-johns-hopkins-university,Johns Hopkins University,johns-hopkins-university,"Documented federal connection to Maryland research, public health, manufacturing or entrepreneurship.",https://www.jhu.edu/,,"[""university"", ""LifeTech"", ""Federal evidence research""]"
federal-portal:federal-recipient-umd-cersi,University of Maryland CERSI,university-of-maryland-cersi,"Documented federal connection to Maryland research, public health, manufacturing or entrepreneurship.",https://cersi.umd.edu/,,"[""university"", ""LifeTech"", ""Federal evidence research""]"
federal-portal:federal-recipient-jhu-cersi,Johns Hopkins CERSI,johns-hopkins-cersi,"Documented federal connection to Maryland research, public health, manufacturing or entrepreneurship.",https://publichealth.jhu.edu/,,"[""university"", ""LifeTech"", ""Federal evidence research""]"
federal-portal:federal-recipient-md-mep,Maryland Manufacturing Extension Partnership,maryland-manufacturing-extension-partnership,"Documented federal connection to Maryland research, public health, manufacturing or entrepreneurship.",https://www.mdmep.org/,,"[""ecosystem"", ""LifeTech"", ""Federal evidence research""]"
federal-portal:federal-recipient-md-health,Maryland Department of Health,maryland-department-of-health,"Documented federal connection to Maryland research, public health, manufacturing or entrepreneurship.",https://health.maryland.gov/,https://health.maryland.gov/_layouts/15/MDH/img/logo.png,"[""state-government"", ""LifeTech"", ""Federal evidence research"", ""State government""]"
federal-portal:federal-recipient-rqs,NSF Quantum Leap Challenge Institute for Robust Quantum Simulation,nsf-quantum-leap-challenge-institute-for-robust-quantum-simulation,"Documented federal connection to Maryland research, public health, manufacturing or entrepreneurship.",https://rqs.umd.edu/,,"[""university"", ""LifeTech"", ""Federal evidence research""]"
federal-portal:federal-hhs,U.S. Department of Health and Human Services (HHS),u-s-department-of-health-and-human-services-hhs,"Documented federal connection to Maryland research, public health, manufacturing or entrepreneurship.",https://www.hhs.gov/,,"[""federal-government"", ""LifeTech"", ""Federal evidence research"", ""Federal government""]"
org-national-institutes-of-health,National Institutes of Health,national-institutes-of-health,"Documented federal connection to Maryland research, public health, manufacturing or entrepreneurship.",https://www.nih.gov/,https://www.nih.gov/sites/default/files/styles/thumbnail_large/public/2025-01/thumbnail-generic.png,"[""federal-government"", ""LifeTech"", ""Federal evidence research"", ""Federal government""]"
org-u-s-economic-development-administration,U.S. Economic Development Administration,u-s-economic-development-administration,"Documented federal connection to Maryland research, public health, manufacturing or entrepreneurship.",https://www.eda.gov/,,"[""federal-government"", ""LifeTech"", ""Federal evidence research"", ""Federal government""]"
federal-portal:usa,United States Federal Government,united-states-federal-government,Public federal government or funding-program identity; administrative links do not imply financial transfers.,https://www.usa.gov/agency-index,,"[""federal-government"", ""LifeTech"", ""Federal evidence research"", ""Federal government""]"
federal-portal:program-ssbci,State Small Business Credit Initiative (SSBCI),state-small-business-credit-initiative-ssbci,Public federal government or funding-program identity; administrative links do not imply financial transfers.,https://home.treasury.gov/policy-issues/small-business-programs/state-small-business-credit-initiative-ssbci,,"[""federal-government"", ""LifeTech"", ""Federal evidence research"", ""Federal government"", ""Funding program""]"
federal-portal:program-sbop,SSBCI Small Business Opportunity Program (SBOP),ssbci-small-business-opportunity-program-sbop,Public federal government or funding-program identity; administrative links do not imply financial transfers.,https://home.treasury.gov/news/press-releases/jy2566,,"[""federal-government"", ""LifeTech"", ""Federal evidence research"", ""Federal government"", ""Funding program""]"
federal-portal:program-fast,Federal and State Technology Partnership Program (FAST),federal-and-state-technology-partnership-program-fast,Public federal government or funding-program identity; administrative links do not imply financial transfers.,https://www.tedcomd.com/press-release/tedco-announces-accepting-federal-and-state-technology-partnership-program-grant,,"[""federal-government"", ""LifeTech"", ""Federal evidence research"", ""Federal government"", ""Funding program""]"
federal-portal:program-step,State Trade Expansion Program (STEP),state-trade-expansion-program-step,Public federal government or funding-program identity; administrative links do not imply financial transfers.,https://www.sba.gov/loans/additional-funding-opportunities/grants/,,"[""federal-government"", ""LifeTech"", ""Federal evidence research"", ""Federal government"", ""Funding program""]"
federal-portal:program-phep,Public Health Emergency Preparedness (PHEP),public-health-emergency-preparedness-phep,Public federal government or funding-program identity; administrative links do not imply financial transfers.,https://www.cdc.gov/readiness/php/data-research/maryland-funding.html,,"[""federal-government"", ""LifeTech"", ""Federal evidence research"", ""Federal government"", ""Funding program""]"
federal-portal:program-phig,Public Health Infrastructure Grant (PHIG),public-health-infrastructure-grant-phig,Public federal government or funding-program identity; administrative links do not imply financial transfers.,https://www.cdc.gov/infrastructure-phig/php/funding-profiles/state-and-territories.html,,"[""federal-government"", ""LifeTech"", ""Federal evidence research"", ""Federal government"", ""Funding program""]"
federal-portal:program-cersi,Centers of Excellence in Regulatory Science and Innovation (CERSI),centers-of-excellence-in-regulatory-science-and-innovation-cersi,Public federal government or funding-program identity; administrative links do not imply financial transfers.,https://www.fda.gov/science-research/advancing-regulatory-science/centers-excellence-regulatory-science-and-innovation-cersis,,"[""federal-government"", ""LifeTech"", ""Federal evidence research"", ""Federal government"", ""Funding program""]"
federal-portal:program-super,ARPA-E SUPER Program,arpa-e-super-program,Public federal government or funding-program identity; administrative links do not imply financial transfers.,https://arpa-e.energy.gov/programs-and-initiatives/search-all-projects/modular-design-and-additive-manufacturing-interlocking-superinsulation-panel-bio-based-feedstock-autonomous-construction,,"[""federal-government"", ""LifeTech"", ""Federal evidence research"", ""Federal government"", ""Funding program""]"
federal-portal:program-qlci,NSF Quantum Leap Challenge Institutes,nsf-quantum-leap-challenge-institutes,Public federal government or funding-program identity; administrative links do not imply financial transfers.,https://research.umd.edu/news/umd-leads-new-25m-nsf-quantum-leap-challenge-institute-robust-quantum-simulation,,"[""federal-government"", ""LifeTech"", ""Federal evidence research"", ""Federal government"", ""Funding program""]"
