id,from_organization_id,to_organization_id,from_label,to_label,support_kind,amount,currency,amount_label,description,occurred_at,source_url,evidence,notes,status
bmoremedtech:research-federal-doe-arpa-e,federal-portal:federal-doe,federal-portal:federal-arpa-e,U.S. Department of Energy (DOE),Advanced Research Projects Agency–Energy (ARPA-E),affiliation,,,Undisclosed,Federal department / agency affiliation,,https://arpa-e.energy.gov/about/arpa-e-at-a-glance/authorization,Primary agency or recipient source; reviewed 2026-10-05,Institutional hierarchy; no monetary flow. Original research identity: research-federal-doe-arpa-e. Public graph keeps its existing static evidence edge and excludes this duplicate import via the established bmoremedtech prefix.,reported
bmoremedtech:research-federal-dod-darpa,federal-portal:federal-dod,federal-portal:federal-darpa,U.S. Department of Defense (DoD),Defense Advanced Research Projects Agency (DARPA),affiliation,,,Undisclosed,Federal department / agency affiliation,,https://www.darpa.mil/about,Primary agency or recipient source; reviewed 2026-10-05,Institutional hierarchy; no monetary flow. Original research identity: research-federal-dod-darpa. Public graph keeps its existing static evidence edge and excludes this duplicate import via the established bmoremedtech prefix.,reported
bmoremedtech:research-federal-commerce-nist,federal-portal:federal-commerce,federal-portal:federal-nist,U.S. Department of Commerce,National Institute of Standards and Technology (NIST),affiliation,,,Undisclosed,Federal department / agency affiliation,,https://www.nist.gov/about-nist,Primary agency or recipient source; reviewed 2026-10-05,Institutional hierarchy; no monetary flow. Original research identity: research-federal-commerce-nist. Public graph keeps its existing static evidence edge and excludes this duplicate import via the established bmoremedtech prefix.,reported
bmoremedtech:research-federal-usda-nifa,federal-portal:federal-usda,federal-portal:federal-nifa,U.S. Department of Agriculture (USDA),National Institute of Food and Agriculture (NIFA),affiliation,,,Undisclosed,Federal department / agency affiliation,,https://www.nifa.usda.gov/about-nifa,Primary agency or recipient source; reviewed 2026-10-05,Institutional hierarchy; no monetary flow. Original research identity: research-federal-usda-nifa. Public graph keeps its existing static evidence edge and excludes this duplicate import via the established bmoremedtech prefix.,reported
bmoremedtech:research-federal-sba-tedco-fast-2022,federal-portal:federal-sba,org-tedco,U.S. Small Business Administration (SBA),TEDCO,transfer,125000,USD,"$125,000",FAST grant for SBIR/STTR Proposal Lab,2022-10-11,https://www.tedcomd.com/insight/tedco-awarded-125000-grant-us-small-business-administration-0,Primary agency or recipient source; reviewed 2026-10-05,Reported award; cash disbursement unverified. Original research identity: research-federal-sba-tedco-fast-2022. Public graph keeps its existing static evidence edge and excludes this duplicate import via the established bmoremedtech prefix.,reported
bmoremedtech:research-federal-sba-tedco-fast-2026,federal-portal:federal-sba,org-tedco,U.S. Small Business Administration (SBA),TEDCO,transfer,,,Undisclosed,FAST award accepted for expanded Proposal Lab,2026-10-05,https://www.tedcomd.com/press-release/tedco-announces-accepting-federal-and-state-technology-partnership-program-grant,Primary agency or recipient source; reviewed 2026-10-05,"TEDCO reports accepting a new FAST grant. Individual award amount not disclosed; the SBA program ceiling of $180,000 is not an actual TEDCO award amount. Original research identity: research-federal-sba-tedco-fast-2026. Public graph keeps its existing static evidence edge and excludes this duplicate import via the established bmoremedtech prefix.",reported
bmoremedtech:research-federal-sba-step-2023,federal-portal:federal-sba,federal-portal:research-maryland-commerce,U.S. Small Business Administration (SBA),Maryland Department of Commerce,transfer,750000,USD,"$750,000",State Trade Expansion Program grant,FY2023,https://www.sba.gov/loans/additional-funding-opportunities/grants/,Primary agency or recipient source; reviewed 2026-10-05,"SBA Maryland STEP award table; state program contact is Maryland Commerce. Separate fiscal-year awards, not cumulative totals. Original research identity: research-federal-sba-step-2023. Public graph keeps its existing static evidence edge and excludes this duplicate import via the established bmoremedtech prefix.",reported
bmoremedtech:research-federal-sba-step-2024,federal-portal:federal-sba,federal-portal:research-maryland-commerce,U.S. Small Business Administration (SBA),Maryland Department of Commerce,transfer,550000,USD,"$550,000",State Trade Expansion Program grant,FY2024,https://www.sba.gov/loans/additional-funding-opportunities/grants/,Primary agency or recipient source; reviewed 2026-10-05,"SBA Maryland STEP award table; state program contact is Maryland Commerce. Separate fiscal-year awards, not cumulative totals. Original research identity: research-federal-sba-step-2024. Public graph keeps its existing static evidence edge and excludes this duplicate import via the established bmoremedtech prefix.",reported
bmoremedtech:research-federal-treasury-tedco-bridge,federal-portal:federal-treasury,org-tedco,U.S. Department of the Treasury,TEDCO,transfer,10000000,USD,"$10,000,000",SSBCI SBOP award for BRIDGE technical assistance,2024-09-09,https://home.treasury.gov/news/press-releases/jy2566,Primary agency or recipient source; reviewed 2026-10-05,Three-year regional technical-assistance award led by TEDCO; matching funds and subsequent program spending are not additional federal awards. Original research identity: research-federal-treasury-tedco-bridge. Public graph keeps its existing static evidence edge and excludes this duplicate import via the established bmoremedtech prefix.,reported
bmoremedtech:research-federal-nist-mdmep-2013,federal-portal:federal-nist,federal-portal:federal-recipient-md-mep,National Institute of Standards and Technology (NIST),Maryland Manufacturing Extension Partnership,transfer,650000,USD,"$650,000",Maryland MEP center cooperative agreement,2013-09-06,https://www.nist.gov/news-events/news/2013/09/nist-announces-award-create-new-manufacturing-support-center-maryland,Primary agency or recipient source; reviewed 2026-10-05,Historical founding-year cooperative agreement; not a statement of current annual funding. Original research identity: research-federal-nist-mdmep-2013. Public graph keeps its existing static evidence edge and excludes this duplicate import via the established bmoremedtech prefix.,reported
bmoremedtech:research-federal-nsf-rqs-2021,federal-portal:federal-nsf,federal-portal:federal-recipient-rqs,National Science Foundation (NSF),NSF Quantum Leap Challenge Institute for Robust Quantum Simulation,transfer,25000000,USD,"$25,000,000",Quantum Leap Challenge Institute award OMA-2120757,2021-09-02,https://research.umd.edu/news/umd-leads-new-25m-nsf-quantum-leap-challenge-institute-robust-quantum-simulation,Primary agency or recipient source; reviewed 2026-10-05,Multi-institutional award led by UMD. Not $25M paid individually to each partner. Original research identity: research-federal-nsf-rqs-2021. Public graph keeps its existing static evidence edge and excludes this duplicate import via the established bmoremedtech prefix.,reported
bmoremedtech:research-federal-umd-rqs,md-budget:university-of-maryland-college-park,federal-portal:federal-recipient-rqs,"University of Maryland, College Park",NSF Quantum Leap Challenge Institute for Robust Quantum Simulation,affiliation,,,Undisclosed,UMD leads Robust Quantum Simulation institute,2021-09-02,https://research.umd.edu/news/umd-leads-new-25m-nsf-quantum-leap-challenge-institute-robust-quantum-simulation,Primary agency or recipient source; reviewed 2026-10-05,Institutional leadership; not a second award. Original research identity: research-federal-umd-rqs. Public graph keeps its existing static evidence edge and excludes this duplicate import via the established bmoremedtech prefix.,reported
bmoremedtech:research-federal-nist-rqs,federal-portal:federal-nist,federal-portal:federal-recipient-rqs,National Institute of Standards and Technology (NIST),NSF Quantum Leap Challenge Institute for Robust Quantum Simulation,collaboration,,,Undisclosed,NIST research participation in quantum simulation institute,2021-09-02,https://research.umd.edu/news/umd-leads-new-25m-nsf-quantum-leap-challenge-institute-robust-quantum-simulation,Primary agency or recipient source; reviewed 2026-10-05,Named federal research collaborators; no monetary amount inferred. Original research identity: research-federal-nist-rqs. Public graph keeps its existing static evidence edge and excludes this duplicate import via the established bmoremedtech prefix.,reported
bmoremedtech:research-federal-arpa-e-umd-super,federal-portal:federal-arpa-e,md-budget:university-of-maryland-college-park,Advanced Research Projects Agency–Energy (ARPA-E),"University of Maryland, College Park",transfer,3544764,USD,"$3,544,764",SUPER program: automated bio-based superinsulation panels,,https://arpa-e.energy.gov/programs-and-initiatives/search-all-projects/modular-design-and-additive-manufacturing-interlocking-superinsulation-panel-bio-based-feedstock-autonomous-construction,Primary agency or recipient source; reviewed 2026-10-05,Agency project record states award amount; award date not supplied in retrieved evidence. Original research identity: research-federal-arpa-e-umd-super. Public graph keeps its existing static evidence edge and excludes this duplicate import via the established bmoremedtech prefix.,reported
bmoremedtech:research-federal-nasa-apl-dragonfly,federal-portal:federal-nasa,federal-portal:federal-recipient-jhu-apl,National Aeronautics and Space Administration (NASA),Johns Hopkins University Applied Physics Laboratory,collaboration,,,Undisclosed,APL leads NASA Dragonfly mission,2026-01-09,https://www.nasa.gov/missions/dragonfly/flight-engineers-give-nasas-dragonfly-lift/,Primary agency or recipient source; reviewed 2026-10-05,Date is the NASA report date. Mission leadership and spacecraft development documented; total mission budget is not represented as a payment to APL. Original research identity: research-federal-nasa-apl-dragonfly. Public graph keeps its existing static evidence edge and excludes this duplicate import via the established bmoremedtech prefix.,reported
bmoremedtech:research-federal-darpa-apl-prosthetics,federal-portal:federal-darpa,federal-portal:federal-recipient-jhu-apl,Defense Advanced Research Projects Agency (DARPA),Johns Hopkins University Applied Physics Laboratory,collaboration,,,Undisclosed,Revolutionizing Prosthetics: Modular Prosthetic Limb,,https://www.darpa.mil/research/programs/revolutionizing-prosthetics,Primary agency or recipient source; reviewed 2026-10-05,Completed historical DARPA program; APL is a named developer. Individual contract amount and dates not supplied. Original research identity: research-federal-darpa-apl-prosthetics. Public graph keeps its existing static evidence edge and excludes this duplicate import via the established bmoremedtech prefix.,reported
bmoremedtech:research-federal-nifa-umd-pollinator,federal-portal:federal-nifa,md-budget:university-of-maryland-college-park,National Institute of Food and Agriculture (NIFA),"University of Maryland, College Park",transfer,649999,USD,"$649,999",Pollinator habitat research award 2024-67023-42841,2024-09-01,https://portal.nifa.usda.gov/enterprise-search/ss/2525,Primary agency or recipient source; reviewed 2026-10-05,"Agency project record; project period September 2024–August 2027. Cumulative award amount for this project, not annual payment. Original research identity: research-federal-nifa-umd-pollinator. Public graph keeps its existing static evidence edge and excludes this duplicate import via the established bmoremedtech prefix.",reported
bmoremedtech:research-federal-nifa-umes-grapevine,federal-portal:federal-nifa,federal-portal:federal-recipient-umes,National Institute of Food and Agriculture (NIFA),University of Maryland Eastern Shore,transfer,599995,USD,"$599,995",Grapevine precision breeding award 2024-38821-42091,2024-04-01,https://portal.nifa.usda.gov/enterprise-search/project_details/ss/1779,Primary agency or recipient source; reviewed 2026-10-05,Agency project record; project period April 2024–March 2027. Cumulative project award amount. Original research identity: research-federal-nifa-umes-grapevine. Public graph keeps its existing static evidence edge and excludes this duplicate import via the established bmoremedtech prefix.,reported
bmoremedtech:research-federal-fda-umd-cersi,federal-portal:federal-fda,federal-portal:federal-recipient-umd-cersi,U.S. Food and Drug Administration (FDA),University of Maryland CERSI,terms,50000000,USD,"Up to $50,000,000 over 5 years",CERSI regulatory-science cooperative agreement,2023-09-01,https://www.fda.gov/science-research/advancing-regulatory-science/centers-excellence-regulatory-science-and-innovation-cersis,Primary agency or recipient source; reviewed 2026-10-05,FDA reports a maximum of $50M over five years for current CERSI awards. Ceiling only; actual center award/disbursement not established. Original research identity: research-federal-fda-umd-cersi. Public graph keeps its existing static evidence edge and excludes this duplicate import via the established bmoremedtech prefix.,reported
bmoremedtech:research-federal-fda-jhu-cersi,federal-portal:federal-fda,federal-portal:federal-recipient-jhu-cersi,U.S. Food and Drug Administration (FDA),Johns Hopkins CERSI,terms,50000000,USD,"Up to $50,000,000 over 5 years",CERSI regulatory-science cooperative agreement,2023-09-01,https://www.fda.gov/science-research/advancing-regulatory-science/centers-excellence-regulatory-science-and-innovation-cersis,Primary agency or recipient source; reviewed 2026-10-05,FDA reports a maximum of $50M over five years for current CERSI awards. Ceiling only; actual center award/disbursement not established. Original research identity: research-federal-fda-jhu-cersi. Public graph keeps its existing static evidence edge and excludes this duplicate import via the established bmoremedtech prefix.,reported
bmoremedtech:research-federal-jhu-cersi-parent,org-johns-hopkins-university,federal-portal:federal-recipient-jhu-cersi,Johns Hopkins University,Johns Hopkins CERSI,affiliation,,,Undisclosed,Johns Hopkins CERSI institutional affiliation,,https://www.fda.gov/science-research/advancing-regulatory-science/centers-excellence-regulatory-science-and-innovation-cersis,Primary agency or recipient source; reviewed 2026-10-05,Named CERSI host; no additional funding flow. Original research identity: research-federal-jhu-cersi-parent. Public graph keeps its existing static evidence edge and excludes this duplicate import via the established bmoremedtech prefix.,reported
bmoremedtech:research-federal-cdc-phep-2021,federal-portal:federal-cdc,federal-portal:federal-recipient-md-health,Centers for Disease Control and Prevention (CDC),Maryland Department of Health,transfer,11510060,USD,"$11,510,060",Public Health Emergency Preparedness funding,FY2021,https://www.cdc.gov/readiness/php/data-research/maryland-funding.html,Primary agency or recipient source; reviewed 2026-10-05,CDC Maryland state preparedness profile. Fiscal-year funding amounts; not all CDC funding to Maryland. Original research identity: research-federal-cdc-phep-2021. Public graph keeps its existing static evidence edge and excludes this duplicate import via the established bmoremedtech prefix.,reported
bmoremedtech:research-federal-cdc-phep-2022,federal-portal:federal-cdc,federal-portal:federal-recipient-md-health,Centers for Disease Control and Prevention (CDC),Maryland Department of Health,transfer,11777135,USD,"$11,777,135",Public Health Emergency Preparedness funding,FY2022,https://www.cdc.gov/readiness/php/data-research/maryland-funding.html,Primary agency or recipient source; reviewed 2026-10-05,CDC Maryland state preparedness profile. Fiscal-year funding amounts; not all CDC funding to Maryland. Original research identity: research-federal-cdc-phep-2022. Public graph keeps its existing static evidence edge and excludes this duplicate import via the established bmoremedtech prefix.,reported
bmoremedtech:research-federal-cdc-phep-2023,federal-portal:federal-cdc,federal-portal:federal-recipient-md-health,Centers for Disease Control and Prevention (CDC),Maryland Department of Health,transfer,12242223,USD,"$12,242,223",Public Health Emergency Preparedness funding,FY2023,https://www.cdc.gov/readiness/php/data-research/maryland-funding.html,Primary agency or recipient source; reviewed 2026-10-05,CDC Maryland state preparedness profile. Fiscal-year funding amounts; not all CDC funding to Maryland. Original research identity: research-federal-cdc-phep-2023. Public graph keeps its existing static evidence edge and excludes this duplicate import via the established bmoremedtech prefix.,reported
bmoremedtech:research-federal-cdc-phig-2023,federal-portal:federal-cdc,federal-portal:federal-recipient-md-health,Centers for Disease Control and Prevention (CDC),Maryland Department of Health,transfer,55805575,USD,"$55,805,575",Public Health Infrastructure Grant funding,2023,https://www.cdc.gov/infrastructure-phig/php/funding-profiles/state-and-territories.html,Primary agency or recipient source; reviewed 2026-10-05,"Maryland Department of Health annual funding row from CDC PHIG table, reviewed October 5, 2026. The overlapping total-funding row is excluded; funding is not proof of settlement. Original research identity: research-federal-cdc-phig-2023. Public graph keeps its existing static evidence edge and excludes this duplicate import via the established bmoremedtech prefix.",reported
bmoremedtech:research-federal-cdc-phig-2024,federal-portal:federal-cdc,federal-portal:federal-recipient-md-health,Centers for Disease Control and Prevention (CDC),Maryland Department of Health,transfer,8063262,USD,"$8,063,262",Public Health Infrastructure Grant funding,2024,https://www.cdc.gov/infrastructure-phig/php/funding-profiles/state-and-territories.html,Primary agency or recipient source; reviewed 2026-10-05,"Maryland Department of Health annual funding row from CDC PHIG table, reviewed October 5, 2026. The overlapping total-funding row is excluded; funding is not proof of settlement. Original research identity: research-federal-cdc-phig-2024. Public graph keeps its existing static evidence edge and excludes this duplicate import via the established bmoremedtech prefix.",reported
bmoremedtech:research-federal-cdc-phig-2025,federal-portal:federal-cdc,federal-portal:federal-recipient-md-health,Centers for Disease Control and Prevention (CDC),Maryland Department of Health,transfer,3513896,USD,"$3,513,896",Public Health Infrastructure Grant funding,2025,https://www.cdc.gov/infrastructure-phig/php/funding-profiles/state-and-territories.html,Primary agency or recipient source; reviewed 2026-10-05,"Maryland Department of Health annual funding row from CDC PHIG table, reviewed October 5, 2026. The overlapping total-funding row is excluded; funding is not proof of settlement. Original research identity: research-federal-cdc-phig-2025. Public graph keeps its existing static evidence edge and excludes this duplicate import via the established bmoremedtech prefix.",reported
bmoremedtech:research-federal-cdc-phig-2026,federal-portal:federal-cdc,federal-portal:federal-recipient-md-health,Centers for Disease Control and Prevention (CDC),Maryland Department of Health,transfer,3513896,USD,"$3,513,896",Public Health Infrastructure Grant funding,2026,https://www.cdc.gov/infrastructure-phig/php/funding-profiles/state-and-territories.html,Primary agency or recipient source; reviewed 2026-10-05,"Maryland Department of Health annual funding row from CDC PHIG table, reviewed October 5, 2026. The overlapping total-funding row is excluded; funding is not proof of settlement. Original research identity: research-federal-cdc-phig-2026. Public graph keeps its existing static evidence edge and excludes this duplicate import via the established bmoremedtech prefix.",reported
bmoremedtech:research-federal-hhs-nih,federal-portal:federal-hhs,org-national-institutes-of-health,U.S. Department of Health and Human Services (HHS),National Institutes of Health,affiliation,,,Undisclosed,HHS agency affiliation,,https://www.hhs.gov/about/budget/fy2026/index.html,Primary agency or recipient source; reviewed 2026-10-05,Federal organizational relationship; no additional monetary flow. Original research identity: research-federal-hhs-nih. Public graph keeps its existing static evidence edge and excludes this duplicate import via the established bmoremedtech prefix.,reported
bmoremedtech:research-federal-hhs-fda,federal-portal:federal-hhs,federal-portal:federal-fda,U.S. Department of Health and Human Services (HHS),U.S. Food and Drug Administration (FDA),affiliation,,,Undisclosed,HHS agency affiliation,,https://www.hhs.gov/about/budget/fy2026/index.html,Primary agency or recipient source; reviewed 2026-10-05,Federal organizational relationship; no additional monetary flow. Original research identity: research-federal-hhs-fda. Public graph keeps its existing static evidence edge and excludes this duplicate import via the established bmoremedtech prefix.,reported
bmoremedtech:research-federal-hhs-cdc,federal-portal:federal-hhs,federal-portal:federal-cdc,U.S. Department of Health and Human Services (HHS),Centers for Disease Control and Prevention (CDC),affiliation,,,Undisclosed,HHS agency affiliation,,https://www.hhs.gov/about/budget/fy2026/index.html,Primary agency or recipient source; reviewed 2026-10-05,Federal organizational relationship; no additional monetary flow. Original research identity: research-federal-hhs-cdc. Public graph keeps its existing static evidence edge and excludes this duplicate import via the established bmoremedtech prefix.,reported
bmoremedtech:research-federal-commerce-eda,federal-portal:federal-commerce,org-u-s-economic-development-administration,U.S. Department of Commerce,U.S. Economic Development Administration,affiliation,,,Undisclosed,U.S. Commerce agency affiliation,,https://www.eda.gov/eda-at-work/about.html,Primary agency or recipient source; reviewed 2026-10-05,Federal organizational relationship; no additional monetary flow. Original research identity: research-federal-commerce-eda. Public graph keeps its existing static evidence edge and excludes this duplicate import via the established bmoremedtech prefix.,reported
federal-portal:usa-nsf,federal-portal:usa,federal-portal:federal-nsf,United States Federal Government,National Science Foundation (NSF),affiliation,,,,U.S. federal government department or independent agency,,https://www.usa.gov/agency-index,"Primary public source identifies the government, agency or program relationship.",Administrative relationship only; no monetary flow or appropriation inferred.,reported
federal-portal:usa-sba,federal-portal:usa,federal-portal:federal-sba,United States Federal Government,U.S. Small Business Administration (SBA),affiliation,,,,U.S. federal government department or independent agency,,https://www.usa.gov/agency-index,"Primary public source identifies the government, agency or program relationship.",Administrative relationship only; no monetary flow or appropriation inferred.,reported
federal-portal:usa-doe,federal-portal:usa,federal-portal:federal-doe,United States Federal Government,U.S. Department of Energy (DOE),affiliation,,,,U.S. federal government department or independent agency,,https://www.usa.gov/agency-index,"Primary public source identifies the government, agency or program relationship.",Administrative relationship only; no monetary flow or appropriation inferred.,reported
federal-portal:usa-dod,federal-portal:usa,federal-portal:federal-dod,United States Federal Government,U.S. Department of Defense (DoD),affiliation,,,,U.S. federal government department or independent agency,,https://www.usa.gov/agency-index,"Primary public source identifies the government, agency or program relationship.",Administrative relationship only; no monetary flow or appropriation inferred.,reported
federal-portal:usa-nasa,federal-portal:usa,federal-portal:federal-nasa,United States Federal Government,National Aeronautics and Space Administration (NASA),affiliation,,,,U.S. federal government department or independent agency,,https://www.usa.gov/agency-index,"Primary public source identifies the government, agency or program relationship.",Administrative relationship only; no monetary flow or appropriation inferred.,reported
federal-portal:usa-commerce,federal-portal:usa,federal-portal:federal-commerce,United States Federal Government,U.S. Department of Commerce,affiliation,,,,U.S. federal government department or independent agency,,https://www.usa.gov/agency-index,"Primary public source identifies the government, agency or program relationship.",Administrative relationship only; no monetary flow or appropriation inferred.,reported
federal-portal:usa-usda,federal-portal:usa,federal-portal:federal-usda,United States Federal Government,U.S. Department of Agriculture (USDA),affiliation,,,,U.S. federal government department or independent agency,,https://www.usa.gov/agency-index,"Primary public source identifies the government, agency or program relationship.",Administrative relationship only; no monetary flow or appropriation inferred.,reported
federal-portal:usa-treasury,federal-portal:usa,federal-portal:federal-treasury,United States Federal Government,U.S. Department of the Treasury,affiliation,,,,U.S. federal government department or independent agency,,https://www.usa.gov/agency-index,"Primary public source identifies the government, agency or program relationship.",Administrative relationship only; no monetary flow or appropriation inferred.,reported
federal-portal:usa-hhs,federal-portal:usa,federal-portal:federal-hhs,United States Federal Government,U.S. Department of Health and Human Services (HHS),affiliation,,,,U.S. federal government department or independent agency,,https://www.usa.gov/agency-index,"Primary public source identifies the government, agency or program relationship.",Administrative relationship only; no monetary flow or appropriation inferred.,reported
federal-portal:program-ssbci,federal-portal:federal-treasury,federal-portal:program-ssbci,U.S. Department of the Treasury,State Small Business Credit Initiative (SSBCI),affiliation,,,,Federal funding program administration,,https://home.treasury.gov/policy-issues/small-business-programs/state-small-business-credit-initiative-ssbci,"Primary public source identifies the government, agency or program relationship.",Administrative relationship only; no monetary flow or appropriation inferred.,reported
federal-portal:program-sbop,federal-portal:program-ssbci,federal-portal:program-sbop,State Small Business Credit Initiative (SSBCI),SSBCI Small Business Opportunity Program (SBOP),affiliation,,,,Federal funding program administration,,https://home.treasury.gov/news/press-releases/jy2566,"Primary public source identifies the government, agency or program relationship.",Administrative relationship only; no monetary flow or appropriation inferred.,reported
federal-portal:program-fast,federal-portal:federal-sba,federal-portal:program-fast,U.S. Small Business Administration (SBA),Federal and State Technology Partnership Program (FAST),affiliation,,,,Federal funding program administration,,https://www.tedcomd.com/press-release/tedco-announces-accepting-federal-and-state-technology-partnership-program-grant,"Primary public source identifies the government, agency or program relationship.",Administrative relationship only; no monetary flow or appropriation inferred.,reported
federal-portal:program-step,federal-portal:federal-sba,federal-portal:program-step,U.S. Small Business Administration (SBA),State Trade Expansion Program (STEP),affiliation,,,,Federal funding program administration,,https://www.sba.gov/loans/additional-funding-opportunities/grants/,"Primary public source identifies the government, agency or program relationship.",Administrative relationship only; no monetary flow or appropriation inferred.,reported
federal-portal:program-phep,federal-portal:federal-cdc,federal-portal:program-phep,Centers for Disease Control and Prevention (CDC),Public Health Emergency Preparedness (PHEP),affiliation,,,,Federal funding program administration,,https://www.cdc.gov/readiness/php/data-research/maryland-funding.html,"Primary public source identifies the government, agency or program relationship.",Administrative relationship only; no monetary flow or appropriation inferred.,reported
federal-portal:program-phig,federal-portal:federal-cdc,federal-portal:program-phig,Centers for Disease Control and Prevention (CDC),Public Health Infrastructure Grant (PHIG),affiliation,,,,Federal funding program administration,,https://www.cdc.gov/infrastructure-phig/php/funding-profiles/state-and-territories.html,"Primary public source identifies the government, agency or program relationship.",Administrative relationship only; no monetary flow or appropriation inferred.,reported
federal-portal:program-cersi,federal-portal:federal-fda,federal-portal:program-cersi,U.S. Food and Drug Administration (FDA),Centers of Excellence in Regulatory Science and Innovation (CERSI),affiliation,,,,Federal funding program administration,,https://www.fda.gov/science-research/advancing-regulatory-science/centers-excellence-regulatory-science-and-innovation-cersis,"Primary public source identifies the government, agency or program relationship.",Administrative relationship only; no monetary flow or appropriation inferred.,reported
federal-portal:program-super,federal-portal:federal-arpa-e,federal-portal:program-super,Advanced Research Projects Agency–Energy (ARPA-E),ARPA-E SUPER Program,affiliation,,,,Federal funding program administration,,https://arpa-e.energy.gov/programs-and-initiatives/search-all-projects/modular-design-and-additive-manufacturing-interlocking-superinsulation-panel-bio-based-feedstock-autonomous-construction,"Primary public source identifies the government, agency or program relationship.",Administrative relationship only; no monetary flow or appropriation inferred.,reported
federal-portal:program-qlci,federal-portal:federal-nsf,federal-portal:program-qlci,National Science Foundation (NSF),NSF Quantum Leap Challenge Institutes,affiliation,,,,Federal funding program administration,,https://research.umd.edu/news/umd-leads-new-25m-nsf-quantum-leap-challenge-institute-robust-quantum-simulation,"Primary public source identifies the government, agency or program relationship.",Administrative relationship only; no monetary flow or appropriation inferred.,reported
federal-portal:sbop-research-tedco,federal-portal:program-sbop,org-tedco,SSBCI Small Business Opportunity Program (SBOP),TEDCO,affiliation,,,,Documented federal program participation,,https://home.treasury.gov/news/press-releases/jy2566,"Primary public source identifies the government, agency or program relationship.",Program participation only; monetary evidence remains on the original agency-to-recipient award. Do not count this link as another award.,reported
federal-portal:fast-research-tedco,federal-portal:program-fast,org-tedco,Federal and State Technology Partnership Program (FAST),TEDCO,affiliation,,,,Documented federal program participation,,https://www.tedcomd.com/press-release/tedco-announces-accepting-federal-and-state-technology-partnership-program-grant,"Primary public source identifies the government, agency or program relationship.",Program participation only; monetary evidence remains on the original agency-to-recipient award. Do not count this link as another award.,reported
federal-portal:step-research-maryland-commerce,federal-portal:program-step,federal-portal:research-maryland-commerce,State Trade Expansion Program (STEP),Maryland Department of Commerce,affiliation,,,,Documented federal program participation,,https://www.sba.gov/loans/additional-funding-opportunities/grants/,"Primary public source identifies the government, agency or program relationship.",Program participation only; monetary evidence remains on the original agency-to-recipient award. Do not count this link as another award.,reported
federal-portal:phep-federal-recipient-md-health,federal-portal:program-phep,federal-portal:federal-recipient-md-health,Public Health Emergency Preparedness (PHEP),Maryland Department of Health,affiliation,,,,Documented federal program participation,,https://www.cdc.gov/readiness/php/data-research/maryland-funding.html,"Primary public source identifies the government, agency or program relationship.",Program participation only; monetary evidence remains on the original agency-to-recipient award. Do not count this link as another award.,reported
federal-portal:phig-federal-recipient-md-health,federal-portal:program-phig,federal-portal:federal-recipient-md-health,Public Health Infrastructure Grant (PHIG),Maryland Department of Health,affiliation,,,,Documented federal program participation,,https://www.cdc.gov/infrastructure-phig/php/funding-profiles/state-and-territories.html,"Primary public source identifies the government, agency or program relationship.",Program participation only; monetary evidence remains on the original agency-to-recipient award. Do not count this link as another award.,reported
federal-portal:cersi-federal-recipient-umd-cersi,federal-portal:program-cersi,federal-portal:federal-recipient-umd-cersi,Centers of Excellence in Regulatory Science and Innovation (CERSI),University of Maryland CERSI,affiliation,,,,Documented federal program participation,,https://www.fda.gov/science-research/advancing-regulatory-science/centers-excellence-regulatory-science-and-innovation-cersis,"Primary public source identifies the government, agency or program relationship.",Program participation only; monetary evidence remains on the original agency-to-recipient award. Do not count this link as another award.,reported
federal-portal:cersi-federal-recipient-jhu-cersi,federal-portal:program-cersi,federal-portal:federal-recipient-jhu-cersi,Centers of Excellence in Regulatory Science and Innovation (CERSI),Johns Hopkins CERSI,affiliation,,,,Documented federal program participation,,https://www.fda.gov/science-research/advancing-regulatory-science/centers-excellence-regulatory-science-and-innovation-cersis,"Primary public source identifies the government, agency or program relationship.",Program participation only; monetary evidence remains on the original agency-to-recipient award. Do not count this link as another award.,reported
federal-portal:super-federal-recipient-umd-college-park,federal-portal:program-super,md-budget:university-of-maryland-college-park,ARPA-E SUPER Program,"University of Maryland, College Park",affiliation,,,,Documented federal program participation,,https://arpa-e.energy.gov/programs-and-initiatives/search-all-projects/modular-design-and-additive-manufacturing-interlocking-superinsulation-panel-bio-based-feedstock-autonomous-construction,"Primary public source identifies the government, agency or program relationship.",Program participation only; monetary evidence remains on the original agency-to-recipient award. Do not count this link as another award.,reported
federal-portal:qlci-federal-recipient-rqs,federal-portal:program-qlci,federal-portal:federal-recipient-rqs,NSF Quantum Leap Challenge Institutes,NSF Quantum Leap Challenge Institute for Robust Quantum Simulation,affiliation,,,,Documented federal program participation,,https://research.umd.edu/news/umd-leads-new-25m-nsf-quantum-leap-challenge-institute-robust-quantum-simulation,"Primary public source identifies the government, agency or program relationship.",Program participation only; monetary evidence remains on the original agency-to-recipient award. Do not count this link as another award.,reported
