organization_id,entity_type,administering_organization_id,legal_entity_organization_id,treasury_account_symbol,source_url,evidence,reviewed_at
federal-portal:federal-nsf,agency,,federal-portal:federal-nsf,,https://www.nsf.gov/,"Registered public federal government, agency or program identity; program is not a separately incorporated grantor.",2026-10-06
federal-portal:federal-sba,agency,,federal-portal:federal-sba,,https://www.sba.gov/,"Registered public federal government, agency or program identity; program is not a separately incorporated grantor.",2026-10-06
federal-portal:federal-doe,agency,,federal-portal:federal-doe,,https://www.energy.gov/,"Registered public federal government, agency or program identity; program is not a separately incorporated grantor.",2026-10-06
federal-portal:federal-arpa-e,agency,,federal-portal:federal-arpa-e,,https://arpa-e.energy.gov/,"Registered public federal government, agency or program identity; program is not a separately incorporated grantor.",2026-10-06
federal-portal:federal-dod,agency,,federal-portal:federal-dod,,https://www.defense.gov/,"Registered public federal government, agency or program identity; program is not a separately incorporated grantor.",2026-10-06
federal-portal:federal-darpa,agency,,federal-portal:federal-darpa,,https://www.darpa.mil/,"Registered public federal government, agency or program identity; program is not a separately incorporated grantor.",2026-10-06
federal-portal:federal-nasa,agency,,federal-portal:federal-nasa,,https://www.nasa.gov/,"Registered public federal government, agency or program identity; program is not a separately incorporated grantor.",2026-10-06
federal-portal:federal-nist,agency,,federal-portal:federal-nist,,https://www.nist.gov/,"Registered public federal government, agency or program identity; program is not a separately incorporated grantor.",2026-10-06
federal-portal:federal-commerce,agency,,federal-portal:federal-commerce,,https://www.commerce.gov/,"Registered public federal government, agency or program identity; program is not a separately incorporated grantor.",2026-10-06
federal-portal:federal-usda,agency,,federal-portal:federal-usda,,https://www.usda.gov/,"Registered public federal government, agency or program identity; program is not a separately incorporated grantor.",2026-10-06
federal-portal:federal-nifa,agency,,federal-portal:federal-nifa,,https://www.nifa.usda.gov/,"Registered public federal government, agency or program identity; program is not a separately incorporated grantor.",2026-10-06
federal-portal:federal-fda,agency,,federal-portal:federal-fda,,https://www.fda.gov/,"Registered public federal government, agency or program identity; program is not a separately incorporated grantor.",2026-10-06
federal-portal:federal-cdc,agency,,federal-portal:federal-cdc,,https://www.cdc.gov/,"Registered public federal government, agency or program identity; program is not a separately incorporated grantor.",2026-10-06
federal-portal:federal-treasury,agency,,federal-portal:federal-treasury,,https://home.treasury.gov/,"Registered public federal government, agency or program identity; program is not a separately incorporated grantor.",2026-10-06
federal-portal:federal-hhs,agency,,federal-portal:federal-hhs,,https://www.hhs.gov/,"Registered public federal government, agency or program identity; program is not a separately incorporated grantor.",2026-10-06
org-national-institutes-of-health,agency,,org-national-institutes-of-health,,https://www.nih.gov/,"Registered public federal government, agency or program identity; program is not a separately incorporated grantor.",2026-10-06
org-u-s-economic-development-administration,agency,,org-u-s-economic-development-administration,,https://www.eda.gov/,"Registered public federal government, agency or program identity; program is not a separately incorporated grantor.",2026-10-06
federal-portal:usa,government,,federal-portal:usa,,https://www.usa.gov/agency-index,"Registered public federal government, agency or program identity; program is not a separately incorporated grantor.",2026-10-06
federal-portal:program-ssbci,program,federal-portal:federal-treasury,,,https://home.treasury.gov/policy-issues/small-business-programs/state-small-business-credit-initiative-ssbci,"Registered public federal government, agency or program identity; program is not a separately incorporated grantor.",2026-10-06
federal-portal:program-sbop,program,federal-portal:program-ssbci,,,https://home.treasury.gov/news/press-releases/jy2566,"Registered public federal government, agency or program identity; program is not a separately incorporated grantor.",2026-10-06
federal-portal:program-fast,program,federal-portal:federal-sba,,,https://www.tedcomd.com/press-release/tedco-announces-accepting-federal-and-state-technology-partnership-program-grant,"Registered public federal government, agency or program identity; program is not a separately incorporated grantor.",2026-10-06
federal-portal:program-step,program,federal-portal:federal-sba,,,https://www.sba.gov/loans/additional-funding-opportunities/grants/,"Registered public federal government, agency or program identity; program is not a separately incorporated grantor.",2026-10-06
federal-portal:program-phep,program,federal-portal:federal-cdc,,,https://www.cdc.gov/readiness/php/data-research/maryland-funding.html,"Registered public federal government, agency or program identity; program is not a separately incorporated grantor.",2026-10-06
federal-portal:program-phig,program,federal-portal:federal-cdc,,,https://www.cdc.gov/infrastructure-phig/php/funding-profiles/state-and-territories.html,"Registered public federal government, agency or program identity; program is not a separately incorporated grantor.",2026-10-06
federal-portal:program-cersi,program,federal-portal:federal-fda,,,https://www.fda.gov/science-research/advancing-regulatory-science/centers-excellence-regulatory-science-and-innovation-cersis,"Registered public federal government, agency or program identity; program is not a separately incorporated grantor.",2026-10-06
federal-portal:program-super,program,federal-portal:federal-arpa-e,,,https://arpa-e.energy.gov/programs-and-initiatives/search-all-projects/modular-design-and-additive-manufacturing-interlocking-superinsulation-panel-bio-based-feedstock-autonomous-construction,"Registered public federal government, agency or program identity; program is not a separately incorporated grantor.",2026-10-06
federal-portal:program-qlci,program,federal-portal:federal-nsf,,,https://research.umd.edu/news/umd-leads-new-25m-nsf-quantum-leap-challenge-institute-robust-quantum-simulation,"Registered public federal government, agency or program identity; program is not a separately incorporated grantor.",2026-10-06
md-budget:state-of-maryland,government,,md-budget:state-of-maryland,,https://www.maryland.gov/,State government identity.,2026-10-06
md-budget:maryland-energy-administration,agency,,md-budget:maryland-energy-administration,,https://energy.maryland.gov/,MEA administers the SEIF.,2026-10-06
md-budget:maryland-strategic-energy-investment-fund,statutory_fund,md-budget:maryland-energy-administration,,,https://mgaleg.maryland.gov/mgawebsite/Laws/StatuteText?article=gsg&section=9-20B-05&enactments=false,State Government Article 9-20B-05 establishes the Strategic Energy Investment Fund; MEA administers the fund.,2026-10-06
org-tedco,agency,,org-tedco,,https://msa.maryland.gov/msa/mdmanual/25ind/html/71techb.html,"Maryland Technology Development Corporation, budget code T50T01.",2026-10-06
